"Date","Price","Open","High","Low","Vol.","Change %"
"Apr 24, 2019","36,462.59","36,375.22","36,585.48","36,332.28","28.20K","0.16%"
"Apr 23, 2019","36,404.03","36,901.24","36,911.61","36,136.11","95.42K","-1.35%"
"Apr 22, 2019","36,901.69","37,474.80","37,479.27","36,839.29","104.28K","-1.05%"
"Apr 19, 2019","37,292.47","36,827.08","37,729.12","36,818.16","139.07K","1.31%"
"Apr 18, 2019","36,811.86","36,737.51","36,919.95","36,419.36","151.84K","0.16%"
"Apr 17, 2019","36,752.57","37,385.04","37,418.67","36,692.21","123.09K","-1.68%"
"Apr 16, 2019","37,381.95","37,519.57","37,635.56","37,339.21","95.32K","-0.33%"
"Apr 15, 2019","37,504.08","37,431.00","37,698.79","37,281.15","134.91K","0.45%"
"Apr 12, 2019","37,337.87","36,788.89","37,420.92","36,741.70","125.96K","1.50%"
"Apr 11, 2019","36,787.64","36,555.20","36,910.03","36,499.34","101.70K","0.57%"
"Apr 10, 2019","36,579.32","37,138.79","37,170.36","36,464.85","73.30K","-1.48%"
"Apr 09, 2019","37,129.97","36,906.30","37,270.58","36,593.20","108.85K","0.56%"
"Apr 08, 2019","36,921.91","37,552.90","37,552.90","36,738.96","73.33K","-1.60%"
"Apr 05, 2019","37,521.81","37,517.13","37,592.27","37,307.14","48.07K","0.02%"
"Apr 04, 2019","37,516.11","38,037.79","38,042.60","37,413.09","63.15K","-1.33%"
"Apr 03, 2019","38,022.80","38,050.80","38,119.14","37,855.09","63.00K","-0.03%"
"Apr 02, 2019","38,036.03","38,423.14","38,557.74","37,932.29","65.30K","-0.83%"
"Apr 01, 2019","38,354.85","38,633.56","38,633.56","38,211.08","39.70K","-0.76%"
"Mar 29, 2019","38,649.34","38,555.65","38,733.37","38,483.46","82.77K","0.25%"
"Mar 28, 2019","38,552.95","38,960.67","38,960.67","38,418.90","54.35K","-1.06%"
"Mar 27, 2019","38,965.01","38,382.06","38,981.12","38,369.12","91.76K","1.66%"
"Mar 26, 2019","38,329.13","38,161.08","38,372.89","38,039.69","-","0.53%"
"Mar 25, 2019","38,128.66","38,520.35","38,520.35","38,053.15","36.49K","-1.05%"
"Mar 22, 2019","38,531.87","38,437.17","38,721.05","38,389.86","54.20K","0.38%"
"Mar 21, 2019","38,384.71","38,548.18","38,593.48","38,202.28","55.29K","-0.42%"
"Mar 20, 2019","38,547.76","38,600.56","38,666.55","38,427.64","56.16K","-0.17%"
"Mar 19, 2019","38,612.37","38,913.36","39,011.54","38,528.11","54.80K","-0.62%"
"Mar 18, 2019","38,851.95","38,355.84","38,882.82","38,161.72","74.81K","1.42%"
"Mar 15, 2019","38,306.95","38,799.91","38,839.01","38,187.48","100.36K","-1.29%"
"Mar 14, 2019","38,808.61","38,936.09","38,999.39","38,751.60","58.90K","-0.31%"
"Mar 13, 2019","38,928.93","38,874.25","39,060.58","38,828.52","67.53K","0.08%"
"Mar 12, 2019","38,896.49","38,937.01","39,030.25","38,648.12","54.16K","-0.07%"
"Mar 11, 2019","38,924.11","39,012.48","39,146.44","38,875.82","50.34K","-0.07%"
"Mar 08, 2019","38,950.23","39,313.75","39,323.43","38,866.69","46.12K","-0.88%"
"Mar 07, 2019","39,294.10","39,662.44","39,747.18","39,257.99","46.36K","-0.69%"
"Mar 06, 2019","39,568.10","39,718.18","39,845.59","39,494.88","61.61K","-0.30%"
"Mar 05, 2019","39,688.51","39,775.16","39,955.28","39,598.97","126.66K","-0.15%"
"Mar 04, 2019","39,749.74","39,550.18","39,841.74","39,499.36","141.77K","0.53%"
"Mar 01, 2019","39,539.01","39,083.98","39,713.42","39,083.98","94.70K","1.24%"
"Feb 28, 2019","39,054.60","38,815.24","39,149.33","38,558.45","102.34K","0.94%"
"Feb 27, 2019","38,692.69","38,630.12","38,857.90","37,330.38","178.89K","-0.33%"
"Feb 26, 2019","38,821.67","39,421.88","39,421.88","38,726.73","104.83K","-1.98%"
"Feb 25, 2019","39,606.79","39,990.34","40,046.25","39,550.65","44.19K","-1.02%"
"Feb 22, 2019","40,016.13","39,982.37","40,082.21","39,799.93","66.27K","-0.14%"
"Feb 21, 2019","40,070.71","40,317.66","40,416.53","39,882.23","76.30K","-0.52%"
"Feb 20, 2019","40,279.38","39,943.99","40,330.04","39,688.75","89.40K","0.81%"
"Feb 19, 2019","39,957.07","40,242.45","40,320.58","39,941.97","56.02K","-0.65%"
"Feb 18, 2019","40,219.47","40,605.13","40,654.65","40,000.11","57.94K","-0.66%"
"Feb 15, 2019","40,486.67","40,515.20","40,646.39","40,361.03","46.64K","-0.05%"
"Feb 14, 2019","40,506.98","40,544.99","40,589.15","40,318.01","58.30K","-0.09%"
"Feb 13, 2019","40,544.11","40,692.74","40,839.09","40,484.58","102.39K","-0.13%"
"Feb 12, 2019","40,596.28","40,326.19","40,637.26","40,269.00","91.16K","0.67%"
"Feb 11, 2019","40,326.53","41,038.02","41,076.26","40,218.37","87.57K","-1.37%"
"Feb 08, 2019","40,887.35","41,358.68","41,453.10","40,790.60","124.64K","-1.08%"
"Feb 07, 2019","41,332.75","41,529.25","41,606.27","41,289.12","64.17K","-0.42%"
"Feb 06, 2019","41,505.68","41,693.37","41,766.93","41,417.82","118.36K","-0.26%"
"Feb 04, 2019","41,614.39","41,209.08","41,630.13","41,209.08","138.38K","1.22%"
"Feb 01, 2019","41,112.71","40,810.70","41,207.97","40,793.36","127.55K","0.77%"
"Jan 31, 2019","40,799.52","40,635.66","40,860.79","40,635.66","125.88K","0.47%"
"Jan 30, 2019","40,607.12","40,644.33","40,776.92","40,530.69","53.85K","-0.04%"
"Jan 29, 2019","40,624.39","40,421.95","40,647.97","40,307.23","73.70K","0.51%"
"Jan 28, 2019","40,420.09","40,277.09","40,465.15","40,261.39","68.02K","0.39%"
"Jan 25, 2019","40,264.78","40,307.01","40,379.95","40,165.72","116.78K","-0.06%"
"Jan 24, 2019","40,289.16","40,592.67","40,609.03","40,221.34","158.76K","0.58%"
"Jan 23, 2019","40,057.85","39,971.54","40,198.28","39,905.03","106.62K","0.39%"
"Jan 22, 2019","39,902.21","39,557.26","39,959.22","39,485.76","88.46K","0.91%"
"Jan 21, 2019","39,543.77","39,345.13","39,812.36","39,345.13","77.05K","0.60%"
"Jan 18, 2019","39,306.50","39,243.22","39,390.77","39,091.52","121.61K","0.16%"
"Jan 17, 2019","39,243.89","39,265.66","39,294.47","38,780.37","78.83K","-0.07%"
"Jan 16, 2019","39,271.94","39,608.15","39,622.47","39,225.41","69.18K","-0.86%"
"Jan 15, 2019","39,614.17","39,430.20","39,711.92","39,358.16","89.30K","0.51%"
"Jan 14, 2019","39,412.55","39,177.03","39,504.49","39,139.43","83.82K","0.93%"
"Jan 11, 2019","39,049.08","39,116.62","39,278.20","38,780.18","91.60K","-0.11%"
"Jan 10, 2019","39,090.28","39,023.67","39,225.55","38,997.55","66.45K","0.43%"
"Jan 09, 2019","38,921.69","39,201.03","39,267.53","38,816.50","96.86K","-0.33%"
"Jan 08, 2019","39,052.50","38,632.14","39,148.92","38,599.75","105.12K","1.27%"
"Jan 07, 2019","38,562.40","37,621.24","38,626.80","37,621.24","103.49K","2.70%"
"Jan 04, 2019","37,547.49","37,565.24","37,813.99","37,474.66","37.89K","0.01%"
"Jan 03, 2019","37,542.01","37,807.99","37,928.37","37,374.05","46.10K","-0.67%"
"Jan 02, 2019","37,795.25","38,046.70","38,449.04","37,710.38","88.05K","-0.53%"
"Jan 01, 2019","37,995.76","37,067.98","38,046.98","37,046.21","63.47K","2.51%"
"Dec 31, 2018","37,066.67","37,071.76","37,206.17","36,802.40","164.22K","-0.27%"
"Dec 28, 2018","37,167.02","37,368.80","37,368.80","36,918.66","133.40K","-1.81%"
"Dec 27, 2018","37,853.57","38,382.24","38,460.10","37,701.16","69.74K","-0.95%"
"Dec 26, 2018","38,218.07","38,318.41","38,358.08","38,168.54","61.08K","-0.24%"
"Dec 24, 2018","38,308.92","38,222.81","38,347.25","37,934.01","57.69K","0.15%"
"Dec 21, 2018","38,251.04","38,241.05","38,487.37","37,845.42","98.56K","0.04%"
"Dec 20, 2018","38,236.52","38,069.42","38,379.69","38,014.48","81.89K","0.46%"
"Dec 19, 2018","38,063.15","38,051.78","38,179.27","37,859.18","70.42K","-0.14%"
"Dec 18, 2018","38,115.81","38,245.98","38,323.44","37,979.03","68.15K","-0.50%"
"Dec 17, 2018","38,309.17","38,542.41","38,579.06","38,203.63","46.13K","-0.72%"
"Dec 14, 2018","38,585.66","38,062.64","38,597.68","38,033.83","65.90K","1.51%"
"Dec 13, 2018","38,011.63","38,328.51","38,464.79","37,767.01","57.73K","-0.77%"
"Dec 12, 2018","38,307.44","38,770.56","38,810.15","38,130.07","107.04K","-1.40%"
"Dec 11, 2018","38,851.96","39,338.68","39,338.68","38,801.13","84.43K","-1.14%"
"Dec 10, 2018","39,299.62","38,826.23","39,438.68","38,826.23","113.19K","1.91%"
"Dec 07, 2018","38,562.05","38,300.33","38,651.88","37,779.67","91.39K","0.68%"
"Dec 06, 2018","38,300.62","39,371.09","39,448.28","38,247.01","121.44K","-2.55%"
"Dec 05, 2018","39,303.11","39,607.10","39,607.10","38,719.62","87.96K","-0.76%"
"Dec 04, 2018","39,602.87","38,889.68","39,657.96","38,889.24","140.55K","1.13%"
"Dec 03, 2018","39,160.60","40,383.27","40,383.44","39,015.62","102.66K","-3.30%"
"Nov 30, 2018","40,496.03","40,625.67","40,936.73","40,339.93","212.88K","-0.35%"
"Nov 29, 2018","40,638.83","40,717.95","40,781.43","40,462.91","53.32K","-0.16%"
"Nov 28, 2018","40,704.80","40,944.66","41,081.23","40,653.71","76.39K","-0.46%"
"Nov 27, 2018","40,894.22","40,825.54","40,925.43","40,520.47","70.71K","0.30%"
"Nov 26, 2018","40,771.55","40,882.10","41,144.09","40,664.17","68.88K","-0.24%"
"Nov 23, 2018","40,869.28","40,839.64","40,899.47","40,655.08","69.74K","-0.01%"
"Nov 22, 2018","40,874.03","41,367.89","41,367.89","40,795.96","88.92K","-1.32%"
"Nov 20, 2018","41,419.24","41,376.42","41,465.81","41,214.11","79.64K","0.16%"
"Nov 19, 2018","41,352.77","41,682.92","41,682.92","41,240.51","68.04K","-0.74%"
"Nov 16, 2018","41,660.75","41,536.07","41,804.81","41,439.41","107.56K","0.56%"
"Nov 15, 2018","41,428.63","41,018.60","41,477.90","40,942.26","145.16K","1.06%"
"Nov 14, 2018","40,994.05","40,874.22","41,322.77","40,763.44","146.56K","-0.38%"
"Nov 13, 2018","41,152.28","41,112.26","41,202.42","40,760.59","91.31K","0.14%"
"Nov 12, 2018","41,096.33","41,414.31","41,572.17","41,052.97","96.97K","-0.71%"
"Nov 09, 2018","41,388.88","41,332.75","41,567.19","41,208.35","139.98K","0.05%"
"Nov 08, 2018","41,367.38","41,623.58","41,650.70","41,284.64","133.41K","-0.43%"
"Nov 07, 2018","41,543.98","41,326.74","41,597.93","41,231.19","169.72K","1.43%"
"Nov 06, 2018","40,958.53","41,432.27","41,554.31","40,755.79","142.33K","-1.29%"
"Nov 05, 2018","41,493.96","41,892.22","41,892.22","41,033.87","145.50K","-1.21%"
"Nov 02, 2018","42,004.09","41,701.98","42,243.83","41,607.16","209.73K","0.69%"
"Nov 01, 2018","41,716.10","41,616.27","41,827.05","41,454.54","151.71K","0.16%"
"Oct 31, 2018","41,649.36","41,611.95","41,825.55","41,237.48","178.97K","0.10%"
"Oct 30, 2018","41,609.03","41,648.88","41,792.81","41,366.58","220.16K","0.37%"
"Oct 29, 2018","41,453.76","40,556.45","41,513.63","40,556.45","279.10K","2.21%"
"Oct 26, 2018","40,556.45","39,736.39","40,604.91","39,375.42","237.22K","2.33%"
"Oct 25, 2018","39,631.91","39,697.70","40,069.40","39,409.49","200.46K","0.92%"
"Oct 24, 2018","39,271.12","38,580.29","39,296.33","38,580.29","167.68K","4.13%"
"Oct 23, 2018","37,714.90","38,345.42","38,365.32","37,582.69","117.84K","-1.64%"
"Oct 22, 2018","38,345.42","38,505.97","38,783.87","38,266.93","138.85K","-0.22%"
"Oct 19, 2018","38,430.27","38,019.32","38,467.41","37,759.95","115.56K","1.18%"
"Oct 18, 2018","37,982.25","37,806.08","38,189.16","37,438.38","116.46K","0.89%"
"Oct 17, 2018","37,647.34","36,686.20","37,704.08","36,684.95","101.31K","2.68%"
"Oct 16, 2018","36,663.38","36,784.07","37,339.49","36,491.56","92.13K","-0.28%"
"Oct 15, 2018","36,767.57","37,453.24","37,575.89","36,274.25","105.52K","-2.00%"
"Oct 12, 2018","37,517.93","38,445.08","38,445.08","37,405.40","92.22K","-2.29%"
"Oct 11, 2018","38,398.30","38,743.35","38,743.35","38,256.70","84.71K","-1.02%"
"Oct 10, 2018","38,792.09","38,551.30","38,826.80","37,894.09","112.57K","0.75%"
"Oct 09, 2018","38,504.84","37,965.23","39,027.34","37,965.23","125.04K","1.60%"
"Oct 08, 2018","37,898.29","39,224.88","39,297.31","37,769.61","113.82K","-3.39%"
"Oct 05, 2018","39,226.35","40,081.75","40,136.32","39,030.03","87.37K","-2.15%"
"Oct 04, 2018","40,087.12","40,568.92","40,603.73","39,993.98","54.99K","-1.17%"
"Oct 03, 2018","40,560.19","40,818.60","40,838.86","40,471.30","52.64K","-0.59%"
"Oct 02, 2018","40,800.25","40,974.07","41,214.48","40,739.76","66.60K","-0.32%"
"Oct 01, 2018","40,929.44","40,985.03","41,029.06","40,709.29","71.48K","-0.17%"
"Sep 28, 2018","40,998.59","40,862.69","41,047.08","40,622.11","98.75K","0.36%"
"Sep 27, 2018","40,851.80","40,904.34","40,972.79","40,383.23","95.30K","-0.14%"
"Sep 26, 2018","40,909.91","41,073.37","41,139.37","40,717.78","77.04K","-0.31%"
"Sep 25, 2018","41,036.30","41,018.81","41,193.18","40,957.32","54.64K","0.08%"
"Sep 24, 2018","41,004.55","41,394.97","41,533.64","40,899.28","54.85K","-0.76%"
"Sep 19, 2018","41,320.13","41,299.73","41,357.34","41,100.58","95.32K","0.20%"
"Sep 18, 2018","41,238.07","40,540.53","41,270.43","40,438.03","83.32K","1.77%"
"Sep 17, 2018","40,520.47","40,933.53","40,961.36","40,255.23","69.40K","-0.98%"
"Sep 14, 2018","40,920.31","41,147.91","41,230.69","40,790.06","80.63K","-0.32%"
"Sep 13, 2018","41,049.91","40,498.05","41,150.41","40,339.04","93.50K","1.30%"
"Sep 12, 2018","40,522.04","40,768.98","40,824.38","40,424.09","69.64K","-0.58%"
"Sep 11, 2018","40,759.53","40,723.40","40,943.19","40,519.03","77.72K","0.19%"
"Sep 10, 2018","40,684.05","40,860.60","40,927.49","40,369.17","60.27K","-0.42%"
"Sep 07, 2018","40,854.77","41,329.63","41,416.74","40,793.70","70.05K","-1.00%"
"Sep 06, 2018","41,266.39","41,609.97","41,715.01","41,223.56","97.34K","-0.85%"
"Sep 05, 2018","41,620.96","41,766.77","41,805.34","41,495.41","70.46K","-0.32%"
"Sep 04, 2018","41,753.89","41,594.98","41,790.77","41,555.96","65.13K","0.41%"
"Sep 03, 2018","41,581.96","41,731.76","41,736.28","41,192.04","80.84K","-0.38%"
"Aug 31, 2018","41,742.24","41,888.23","42,006.03","41,626.70","88.50K","-0.29%"
"Aug 30, 2018","41,863.52","42,261.44","42,273.52","41,659.26","85.93K","-0.91%"
"Aug 29, 2018","42,249.44","42,564.34","42,628.34","42,157.63","58.72K","-0.69%"
"Aug 28, 2018","42,544.47","42,730.05","42,843.36","42,516.35","75.61K","-0.47%"
"Aug 27, 2018","42,745.78","42,618.01","42,871.15","42,618.01","106.93K","0.37%"
"Aug 24, 2018","42,588.29","42,445.43","42,618.16","42,280.54","49.17K","0.38%"
"Aug 20, 2018","42,425.10","42,610.88","42,701.54","42,309.05","71.27K","-0.05%"
"Aug 17, 2018","42,446.62","42,006.53","42,552.84","41,991.98","111.78K","1.16%"
"Aug 16, 2018","41,960.80","42,422.98","42,483.11","41,750.54","83.62K","-1.14%"
"Aug 15, 2018","42,446.56","42,764.95","42,852.57","42,368.48","74.88K","-0.45%"
"Aug 13, 2018","42,637.58","42,813.29","42,857.58","42,594.14","87.29K","-0.48%"
"Aug 10, 2018","42,842.18","42,957.10","43,115.52","42,798.88","137.71K","-0.19%"
"Aug 09, 2018","42,923.95","42,760.66","42,960.94","42,696.35","107.40K","0.45%"
"Aug 08, 2018","42,731.86","42,784.80","42,857.12","42,639.24","92.95K","-0.07%"
"Aug 07, 2018","42,760.13","42,838.30","42,993.18","42,705.04","129.18K","-0.11%"
"Aug 06, 2018","42,808.66","42,564.41","42,854.32","42,453.88","76.54K","0.71%"
"Aug 03, 2018","42,505.05","42,233.74","42,553.37","42,097.07","114.14K","0.41%"
"Aug 02, 2018","42,330.32","42,936.70","42,976.17","42,286.20","170.12K","-1.12%"
"Aug 01, 2018","42,810.04","42,742.89","42,940.53","42,527.44","123.66K","0.23%"
"Jul 31, 2018","42,712.43","43,638.77","43,638.86","42,603.43","158.01K","-1.94%"
"Jul 30, 2018","43,556.63","43,045.59","43,605.04","43,045.59","176.41K","1.80%"
"Jul 27, 2018","42,786.45","42,089.56","42,845.49","42,014.05","187.53K","1.66%"
"Jul 26, 2018","42,089.16","42,106.57","42,136.06","41,696.26","129.86K","1.81%"
"Jul 24, 2018","41,339.22","40,494.45","41,461.83","40,487.07","107.58K","2.16%"
"Jul 23, 2018","40,463.98","41,217.85","41,219.17","40,418.18","61.17K","-1.84%"
"Jul 20, 2018","41,221.75","41,810.96","41,810.96","41,157.45","116.45K","-1.37%"
"Jul 19, 2018","41,795.59","41,298.73","41,896.08","41,298.73","178.97K","2.19%"
"Jul 18, 2018","40,897.90","40,017.55","40,980.30","40,005.24","131.27K","2.42%"
"Jul 17, 2018","39,932.98","39,658.99","40,012.61","39,330.88","86.40K","0.67%"
"Jul 16, 2018","39,665.77","40,394.30","40,464.86","39,396.37","93.22K","-1.50%"
"Jul 13, 2018","40,271.00","39,856.68","40,388.55","39,851.61","87.18K","0.99%"
"Jul 12, 2018","39,875.12","39,570.24","39,916.44","39,236.73","59.18K","0.73%"
"Jul 11, 2018","39,586.76","39,467.64","40,061.59","39,209.40","72.46K","0.34%"
"Jul 10, 2018","39,452.81","39,261.36","39,569.79","38,561.31","116.62K","0.42%"
"Jul 09, 2018","39,288.48","40,340.52","40,372.90","39,067.15","75.60K","-2.47%"
"Jul 06, 2018","40,284.14","40,223.75","40,435.97","40,028.64","75.86K","0.11%"
"Jul 05, 2018","40,238.81","40,350.51","40,755.22","40,106.01","93.33K","-0.26%"
"Jul 04, 2018","40,345.68","41,548.23","41,548.23","40,274.72","74.72K","-2.93%"
"Jul 03, 2018","41,564.42","41,738.36","41,749.14","41,513.95","42.32K","-0.41%"
"Jul 02, 2018","41,734.05","41,948.67","42,136.52","41,609.90","43.09K","-0.42%"
"Jun 29, 2018","41,910.90","41,998.66","42,081.88","41,750.01","90.72K","-0.21%"
"Jun 28, 2018","41,997.85","41,710.35","42,077.66","41,539.29","97.00K","0.67%"
"Jun 27, 2018","41,717.99","41,281.45","41,817.21","41,281.45","104.01K","1.14%"
"Jun 26, 2018","41,246.09","41,006.75","41,526.57","40,990.44","91.30K","0.65%"
"Jun 25, 2018","40,978.23","41,642.41","41,843.09","40,900.74","107.45K","-1.58%"
"Jun 22, 2018","41,637.38","42,336.83","42,499.86","41,561.76","120.52K","-1.70%"
"Jun 21, 2018","42,358.61","42,881.74","42,894.63","42,296.07","153.72K","-1.50%"
"Jun 20, 2018","43,002.83","43,683.32","43,746.21","42,954.89","91.52K","-1.56%"
"Jun 19, 2018","43,682.84","43,699.37","43,825.11","43,511.65","63.74K","0.00%"
"Jun 14, 2018","43,680.68","43,535.38","43,731.13","43,459.47","72.20K","0.40%"
"Jun 13, 2018","43,507.50","43,217.20","43,589.72","43,217.20","72.36K","0.64%"
"Jun 12, 2018","43,228.90","43,893.15","43,968.33","43,143.00","86.90K","-1.60%"
"Jun 11, 2018","43,931.16","44,046.00","44,244.07","43,838.17","104.45K","-0.04%"
"Jun 07, 2018","43,948.11","44,178.85","44,332.86","43,894.34","169.88K","-0.44%"
"Jun 06, 2018","44,144.20","43,767.67","44,170.72","43,679.68","158.93K","1.01%"
"Jun 05, 2018","43,702.58","43,295.58","43,747.18","43,197.44","122.61K","1.00%"
"Jun 04, 2018","43,268.29","42,903.41","43,293.91","42,832.94","73.12K","0.83%"
"Jun 01, 2018","42,912.81","42,780.91","42,969.38","42,749.42","38.55K","0.15%"
"May 31, 2018","42,846.64","42,574.60","42,919.72","42,496.37","98.88K","0.71%"
"May 30, 2018","42,546.48","42,667.17","42,773.81","42,337.51","84.02K","-0.18%"
"May 29, 2018","42,622.74","42,146.76","42,667.69","42,112.75","67.53K","1.15%"
"May 28, 2018","42,138.57","42,051.93","42,543.27","41,872.34","85.25K","0.15%"
"May 25, 2018","42,074.09","42,549.15","42,570.77","42,000.47","63.10K","-1.09%"
"May 24, 2018","42,536.16","42,776.83","42,838.15","42,446.82","68.99K","-0.55%"
"May 23, 2018","42,772.25","42,794.31","43,060.68","42,676.51","76.69K","0.06%"
"May 22, 2018","42,744.82","41,657.60","42,770.41","41,657.60","92.27K","2.63%"
"May 21, 2018","41,648.65","41,721.39","41,912.68","41,591.44","52.32K","0.06%"
"May 18, 2018","41,623.52","41,886.77","41,974.35","41,458.12","55.39K","-0.59%"
"May 17, 2018","41,869.65","42,272.84","42,277.00","41,833.60","33.40K","-1.02%"
"May 16, 2018","42,301.20","42,467.22","42,579.81","42,198.84","39.63K","-0.37%"
"May 15, 2018","42,459.53","42,478.99","42,608.08","41,845.31","111.34K","-0.09%"
"May 14, 2018","42,498.86","43,543.08","43,543.08","42,431.44","97.49K","-2.51%"
"May 11, 2018","43,594.79","43,869.07","44,027.58","43,550.68","86.30K","-0.60%"
"May 10, 2018","43,855.78","43,877.06","44,139.12","43,735.44","74.29K","0.14%"
"May 09, 2018","43,795.00","44,163.86","44,249.13","43,386.63","80.67K","-0.62%"
"May 08, 2018","44,066.96","44,364.02","44,440.10","43,925.64","80.07K","-0.70%"
"May 07, 2018","44,378.52","44,546.19","44,763.37","44,321.88","59.94K","-0.36%"
"May 04, 2018","44,536.91","44,750.79","44,785.32","44,467.44","68.78K","-0.47%"
"May 03, 2018","44,746.63","45,214.42","45,259.77","44,556.18","73.75K","-1.00%"
"May 02, 2018","45,196.37","45,471.74","45,484.39","45,160.64","64.76K","-0.64%"
"Apr 30, 2018","45,488.86","45,752.81","45,841.40","45,424.87","155.96K","-0.12%"
"Apr 27, 2018","45,542.78","45,470.35","45,671.76","45,458.25","98.49K","0.18%"
"Apr 26, 2018","45,460.87","45,769.04","45,780.94","45,427.19","86.79K","-0.56%"
"Apr 25, 2018","45,718.34","45,885.72","45,942.10","45,681.74","104.64K","-0.35%"
"Apr 24, 2018","45,876.70","45,426.10","45,911.61","45,409.50","84.50K","1.11%"
"Apr 23, 2018","45,371.95","45,235.40","45,452.98","45,191.00","61.79K","0.25%"
"Apr 20, 2018","45,259.34","45,400.36","45,525.73","45,153.92","57.83K","-0.28%"
"Apr 19, 2018","45,387.77","45,460.80","45,492.33","45,122.75","111.17K","-0.20%"
"Apr 18, 2018","45,478.63","45,835.14","46,003.96","45,423.95","85.23K","-0.71%"
"Apr 17, 2018","45,801.73","45,690.11","45,881.84","45,484.94","73.71K","0.26%"
"Apr 16, 2018","45,682.24","46,095.83","46,095.83","45,610.22","68.26K","-0.85%"
"Apr 13, 2018","46,071.86","46,310.41","46,349.69","46,036.23","105.27K","-0.56%"
"Apr 12, 2018","46,331.71","46,576.74","46,577.98","46,219.85","153.29K","-0.33%"
"Apr 11, 2018","46,486.49","46,557.41","46,759.47","46,472.15","106.35K","0.02%"
"Apr 10, 2018","46,476.73","46,599.81","46,679.69","46,407.10","74.86K","-0.22%"
"Apr 09, 2018","46,580.62","46,652.16","46,828.20","46,530.06","100.59K","-0.12%"
"Apr 06, 2018","46,637.62","46,783.54","47,144.12","46,542.82","136.41K","0.16%"
"Apr 05, 2018","46,560.82","46,325.39","46,656.93","46,085.10","113.58K","0.99%"
"Apr 04, 2018","46,103.61","46,058.24","46,447.91","46,037.54","148.45K","0.20%"
"Apr 03, 2018","46,013.34","45,744.57","46,057.53","45,692.02","135.74K","0.59%"
"Apr 02, 2018","45,741.43","45,624.13","45,771.40","45,413.69","128.18K","0.40%"
"Mar 30, 2018","45,560.30","45,483.29","45,604.59","45,391.71","109.23K","0.16%"
"Mar 29, 2018","45,489.62","45,157.83","45,506.11","45,155.51","163.04K","0.70%"
"Mar 28, 2018","45,172.99","45,032.93","45,232.77","44,899.51","142.67K","0.38%"
"Mar 27, 2018","45,004.19","45,100.61","45,307.45","44,936.12","104.10K","-0.18%"
"Mar 26, 2018","45,083.57","45,019.02","45,118.16","44,784.81","56.93K","0.12%"
"Mar 22, 2018","45,030.22","44,705.94","45,032.41","44,659.33","89.21K","0.86%"
"Mar 21, 2018","44,645.95","44,450.27","44,840.69","44,443.51","82.64K","0.76%"
"Mar 20, 2018","44,309.74","43,542.12","44,404.86","43,542.12","92.62K","1.77%"
"Mar 19, 2018","43,539.60","43,362.88","43,620.81","43,311.85","36.11K","0.41%"
"Mar 16, 2018","43,363.21","43,513.82","43,525.59","43,314.22","54.22K","-0.30%"
"Mar 15, 2018","43,495.07","43,409.07","43,509.56","43,366.67","39.44K","0.20%"
"Mar 14, 2018","43,407.72","43,601.78","43,601.95","43,346.39","47.24K","-0.48%"
"Mar 13, 2018","43,618.07","43,431.31","43,707.13","43,354.13","60.04K","0.48%"
"Mar 12, 2018","43,410.93","43,020.08","43,479.50","43,011.86","31.21K","0.93%"
"Mar 09, 2018","43,011.26","43,089.18","43,188.55","42,860.98","53.89K","-0.14%"
"Mar 08, 2018","43,072.74","43,416.46","43,475.56","42,940.70","69.03K","-0.85%"
"Mar 07, 2018","43,441.18","43,712.63","43,724.56","43,416.45","45.53K","-0.60%"
"Mar 06, 2018","43,705.10","43,852.32","44,044.01","43,660.46","61.33K","-0.28%"
"Mar 05, 2018","43,829.07","43,797.53","43,875.00","43,654.69","44.75K","0.20%"
"Mar 02, 2018","43,740.49","43,567.18","43,759.13","43,412.47","84.42K","0.53%"
"Mar 01, 2018","43,510.39","43,259.45","43,634.10","43,176.04","79.83K","0.63%"
"Feb 28, 2018","43,239.44","43,022.00","43,323.18","43,016.54","50.02K","0.57%"
"Feb 27, 2018","42,994.96","42,900.85","43,116.82","42,606.88","64.53K","0.20%"
"Feb 26, 2018","42,911.02","43,443.68","43,490.69","42,804.50","55.13K","-0.82%"
"Feb 23, 2018","43,267.20","43,746.75","43,797.11","43,014.03","96.11K","-0.60%"
"Feb 22, 2018","43,528.51","42,701.29","43,627.86","42,384.18","67.53K","1.42%"
"Feb 21, 2018","42,919.78","43,509.98","43,623.59","42,834.21","78.21K","-0.87%"
"Feb 20, 2018","43,294.95","43,587.98","43,588.77","42,864.82","68.89K","-0.64%"
"Feb 19, 2018","43,572.67","43,753.08","43,945.62","43,512.09","39.23K","-0.12%"
"Feb 16, 2018","43,627.10","42,916.87","43,691.28","42,916.87","63.84K","1.59%"
"Feb 15, 2018","42,942.35","43,377.08","43,451.31","42,859.85","83.85K","-0.95%"
"Feb 14, 2018","43,353.04","43,675.68","43,781.77","43,215.72","77.84K","-0.77%"
"Feb 13, 2018","43,690.36","43,582.09","43,878.33","43,548.81","61.85K","0.40%"
"Feb 12, 2018","43,515.08","43,795.20","43,900.20","43,461.25","65.91K","-0.67%"
"Feb 09, 2018","43,808.80","43,533.11","43,826.60","43,286.24","80.14K","0.30%"
"Feb 08, 2018","43,679.87","44,079.12","44,151.54","43,629.82","96.62K","-0.94%"
"Feb 07, 2018","44,096.49","44,039.51","44,299.87","44,034.24","108.92K","0.48%"
"Feb 06, 2018","43,885.51","43,965.88","43,965.88","43,498.24","83.38K","-0.94%"
"Feb 02, 2018","44,301.20","44,341.88","44,637.02","44,252.88","93.17K","0.10%"
"Feb 01, 2018","44,255.48","44,103.07","44,436.39","44,103.07","70.70K","0.47%"
"Jan 31, 2018","44,049.05","44,252.94","44,533.76","43,996.42","80.16K","-0.42%"
"Jan 30, 2018","44,233.11","44,492.11","44,615.10","44,081.23","71.90K","-0.50%"
"Jan 29, 2018","44,457.30","44,724.44","44,855.77","44,337.72","87.13K","-0.21%"
"Jan 26, 2018","44,551.13","44,825.78","44,825.78","44,196.57","131.05K","-0.59%"
"Jan 25, 2018","44,816.71","45,063.21","45,179.00","44,729.81","101.41K","-0.55%"
"Jan 24, 2018","45,063.21","45,037.35","45,494.52","44,781.83","173.35K","0.35%"
"Jan 23, 2018","44,907.20","44,897.69","44,970.78","44,465.31","113.42K","0.02%"
"Jan 22, 2018","44,897.69","44,225.24","44,951.21","44,121.97","135.80K","1.63%"
"Jan 19, 2018","44,178.83","43,647.33","44,203.13","43,609.16","97.36K","1.37%"
"Jan 18, 2018","43,580.88","43,626.06","44,004.13","43,192.75","124.53K","0.51%"
"Jan 17, 2018","43,358.97","42,936.43","43,386.27","42,874.39","64.03K","0.98%"
"Jan 16, 2018","42,939.68","42,358.99","43,142.59","42,324.27","73.61K","1.40%"
"Jan 15, 2018","42,347.49","42,891.16","42,897.82","42,270.38","55.75K","-1.37%"
"Jan 12, 2018","42,933.72","43,426.86","43,436.20","42,754.30","108.96K","-1.06%"
"Jan 11, 2018","43,395.28","43,693.60","43,824.02","43,140.94","163.18K","-0.54%"
"Jan 10, 2018","43,630.74","42,888.33","43,659.45","42,881.88","143.75K","1.91%"
"Jan 09, 2018","42,814.34","43,188.71","43,251.40","42,566.51","118.67K","-0.69%"
"Jan 08, 2018","43,112.12","42,634.49","43,256.57","42,634.49","125.69K","1.38%"
"Jan 05, 2018","42,523.99","41,876.62","42,584.96","41,821.85","109.96K","1.47%"
"Jan 04, 2018","41,908.71","41,600.40","41,995.66","41,600.40","127.65K","0.88%"
"Jan 03, 2018","41,544.27","41,539.93","41,819.75","41,289.17","150.64K","0.14%"
"Jan 02, 2018","41,486.87","40,676.19","41,566.76","40,534.79","137.61K","1.91%"
"Jan 01, 2018","40,711.04","40,470.44","40,815.96","40,169.62","51.41K","0.59%"
"Dec 29, 2017","40,471.48","40,400.82","40,644.74","40,271.18","126.86K","0.25%"
"Dec 28, 2017","40,371.31","40,235.08","40,463.66","40,031.34","94.20K","0.56%"
"Dec 27, 2017","40,146.73","39,614.37","40,160.47","39,614.37","107.27K","1.57%"
"Dec 26, 2017","39,525.75","39,524.24","39,719.13","39,293.37","89.19K","0.25%"
"Dec 22, 2017","39,428.21","38,770.46","39,525.21","38,710.53","98.50K","1.84%"
"Dec 21, 2017","38,715.77","38,216.76","38,793.99","38,014.84","81.30K","1.33%"
"Dec 20, 2017","38,208.06","37,963.09","38,323.55","37,842.52","74.98K","0.76%"
"Dec 19, 2017","37,919.42","38,418.88","38,443.12","37,768.25","55.91K","-1.21%"
"Dec 18, 2017","38,383.97","38,660.09","38,703.15","38,337.37","25.41K","-0.68%"
"Dec 15, 2017","38,645.90","38,214.21","38,919.03","38,192.70","94.86K","1.10%"
"Dec 14, 2017","38,223.55","38,825.74","38,825.74","38,126.85","54.16K","-1.54%"
"Dec 13, 2017","38,819.65","38,588.04","38,884.89","38,527.62","70.08K","0.76%"
"Dec 12, 2017","38,525.11","38,504.71","38,620.66","37,736.73","107.74K","0.11%"
"Dec 11, 2017","38,481.70","39,059.48","39,437.43","38,374.73","57.16K","-1.53%"
"Dec 08, 2017","39,080.00","38,645.26","39,339.65","38,431.78","80.65K","0.76%"
"Dec 07, 2017","38,784.66","39,880.82","39,880.82","38,769.09","71.11K","-2.81%"
"Dec 06, 2017","39,907.32","39,960.06","40,062.62","39,825.23","49.27K","-0.10%"
"Dec 05, 2017","39,945.41","40,072.17","40,084.97","39,892.34","67.87K","-0.26%"
"Dec 04, 2017","40,049.80","40,048.76","40,131.37","39,931.52","47.29K","0.10%"
"Nov 30, 2017","40,010.36","39,706.17","40,091.48","39,702.84","126.12K","0.85%"
"Nov 29, 2017","39,672.89","39,647.23","39,760.50","39,462.71","73.09K","0.10%"
"Nov 28, 2017","39,634.13","40,060.49","40,125.75","39,564.27","68.94K","-0.99%"
"Nov 27, 2017","40,032.17","40,152.72","40,152.72","39,932.93","74.32K","-0.54%"
"Nov 24, 2017","40,248.41","40,276.63","40,368.35","40,082.70","61.54K","-0.04%"
"Nov 23, 2017","40,266.21","40,626.00","40,712.65","40,136.86","43.66K","-0.80%"
"Nov 22, 2017","40,591.87","40,643.09","40,741.91","40,465.52","117.58K","0.11%"
"Nov 21, 2017","40,548.83","40,353.11","40,603.55","40,271.53","43.46K","0.58%"
"Nov 20, 2017","40,316.93","40,843.94","40,923.09","40,260.05","44.35K","-1.29%"
"Nov 17, 2017","40,844.40","40,832.14","40,910.17","40,637.15","58.02K","0.08%"
"Nov 16, 2017","40,813.31","40,705.44","40,886.03","40,686.62","51.54K","0.37%"
"Nov 15, 2017","40,662.79","40,814.42","40,904.35","40,585.54","47.87K","-0.69%"
"Nov 14, 2017","40,943.78","41,202.55","41,316.74","40,899.50","57.49K","-0.72%"
"Nov 13, 2017","41,239.89","41,435.70","41,435.70","41,141.85","34.17K","-0.47%"
"Nov 10, 2017","41,435.70","41,836.35","41,836.35","41,390.81","54.44K","-0.85%"
"Nov 09, 2017","41,790.16","41,403.17","41,851.33","41,390.34","78.83K","1.29%"
"Nov 08, 2017","41,259.16","41,037.59","41,293.80","40,970.62","57.22K","0.51%"
"Nov 07, 2017","41,049.22","41,120.12","41,262.45","41,003.05","53.27K","0.04%"
"Nov 06, 2017","41,030.77","41,160.67","41,232.17","40,928.27","45.75K","-0.08%"
"Nov 03, 2017","41,064.00","40,506.92","41,115.50","40,453.03","60.90K","1.40%"
"Nov 02, 2017","40,498.87","40,508.89","40,842.25","40,353.48","66.96K","0.11%"
"Nov 01, 2017","40,453.64","39,662.80","40,558.97","39,660.13","63.51K","2.11%"
"Oct 31, 2017","39,617.19","40,302.72","40,307.98","39,557.12","93.50K","-1.75%"
"Oct 30, 2017","40,324.32","41,168.19","41,173.38","40,258.58","53.20K","-1.90%"
"Oct 27, 2017","41,105.40","41,412.68","41,420.05","40,903.70","79.49K","-0.73%"
"Oct 26, 2017","41,409.49","41,637.09","41,745.76","41,355.45","65.90K","-0.45%"
"Oct 25, 2017","41,595.32","41,305.30","41,626.86","41,294.95","48.11K","0.74%"
"Oct 24, 2017","41,291.68","41,446.60","41,457.26","40,913.93","64.94K","-0.46%"
"Oct 23, 2017","41,483.54","42,148.54","42,161.80","41,414.12","64.06K","-1.44%"
"Oct 20, 2017","42,087.89","41,687.59","42,155.72","41,471.24","111.82K","1.27%"
"Oct 19, 2017","41,558.07","40,826.57","41,614.28","40,821.33","113.03K","2.02%"
"Oct 18, 2017","40,733.45","40,760.07","40,872.48","40,224.20","49.26K","0.02%"
"Oct 17, 2017","40,724.96","40,892.36","41,353.23","40,692.09","81.06K","-0.16%"
"Oct 16, 2017","40,791.39","39,978.40","40,813.53","39,978.40","55.28K","2.37%"
"Oct 13, 2017","39,846.78","40,236.92","40,236.92","39,478.05","78.94K","-0.97%"
"Oct 12, 2017","40,237.53","40,558.74","40,791.91","39,834.10","62.70K","-0.66%"
"Oct 11, 2017","40,503.68","40,639.75","40,776.97","40,315.02","52.75K","-0.26%"
"Oct 10, 2017","40,610.72","41,109.73","41,112.27","40,287.26","121.79K","-1.19%"
"Oct 09, 2017","41,099.99","41,334.50","41,336.43","41,004.66","52.19K","-0.51%"
"Oct 06, 2017","41,312.59","40,494.58","41,334.93","40,494.58","81.77K","2.09%"
"Oct 05, 2017","40,468.49","40,545.27","40,819.44","40,036.23","83.10K","0.02%"
"Oct 04, 2017","40,461.00","41,092.66","41,179.88","39,869.88","97.26K","-1.59%"
"Oct 03, 2017","41,115.78","42,043.21","42,043.21","41,025.28","62.87K","-2.15%"
"Oct 02, 2017","42,018.90","42,431.54","42,434.82","41,944.37","41.23K","-0.92%"
"Sep 29, 2017","42,409.27","42,391.00","42,543.20","42,286.60","92.31K","0.11%"
"Sep 28, 2017","42,362.87","42,291.44","42,456.53","42,195.09","60.05K","0.17%"
"Sep 27, 2017","42,290.15","42,563.19","42,619.09","42,101.68","67.99K","-0.88%"
"Sep 26, 2017","42,666.23","42,844.80","42,957.71","42,599.64","93.92K","-0.18%"
"Sep 25, 2017","42,743.65","42,815.23","43,087.07","42,628.37","67.65K","-0.02%"
"Sep 22, 2017","42,750.19","42,771.66","42,921.13","42,572.04","52.08K","-0.06%"
"Sep 21, 2017","42,775.04","43,338.68","43,386.73","42,705.66","82.28K","-1.32%"
"Sep 20, 2017","43,347.03","43,309.42","43,435.92","43,145.83","105.63K","0.22%"
"Sep 19, 2017","43,253.26","42,889.52","43,297.41","42,889.52","95.14K","0.96%"
"Sep 18, 2017","42,841.41","42,833.86","42,924.93","42,489.69","59.06K","0.13%"
"Sep 15, 2017","42,787.19","42,700.14","43,014.42","42,538.05","97.95K","0.24%"
"Sep 14, 2017","42,683.57","42,392.65","42,732.51","42,171.26","80.41K","0.88%"
"Sep 13, 2017","42,310.12","41,407.04","42,346.23","41,387.30","84.25K","2.50%"
"Sep 12, 2017","41,279.30","41,265.57","41,411.18","41,024.54","57.22K","0.37%"
"Sep 11, 2017","41,126.83","41,534.69","41,552.05","41,062.47","50.38K","-0.66%"
"Sep 08, 2017","41,401.02","41,227.88","41,635.74","41,169.97","78.23K","1.08%"
"Sep 07, 2017","40,958.65","41,346.46","41,477.84","40,686.09","77.79K","-1.04%"
"Sep 06, 2017","41,389.99","41,846.18","42,054.07","41,324.61","76.35K","-0.93%"
"Sep 05, 2017","41,779.20","41,109.65","41,833.70","41,070.99","59.26K","1.39%"
"Aug 31, 2017","41,206.99","41,199.85","41,362.87","40,842.50","43.98K","-0.28%"
"Aug 30, 2017","41,323.65","41,046.29","41,558.00","41,046.29","69.28K","0.22%"
"Aug 29, 2017","41,233.08","41,782.33","41,804.88","41,046.24","69.64K","-1.77%"
"Aug 28, 2017","41,974.22","42,468.78","42,598.90","41,820.23","53.37K","-1.57%"
"Aug 25, 2017","42,641.75","42,211.84","42,784.72","41,836.10","106.30K","0.88%"
"Aug 24, 2017","42,268.62","42,966.24","43,173.22","42,136.17","82.59K","-1.50%"
"Aug 23, 2017","42,910.79","42,000.35","42,949.90","41,927.22","82.01K","2.21%"
"Aug 22, 2017","41,983.16","42,073.08","42,291.15","41,062.73","112.24K","-0.40%"
"Aug 21, 2017","42,153.38","43,110.92","43,135.01","42,016.87","78.89K","-2.15%"
"Aug 18, 2017","43,078.38","43,133.88","43,187.09","42,347.19","88.14K","-0.13%"
"Aug 17, 2017","43,136.06","44,216.97","44,257.26","43,044.12","77.59K","-2.38%"
"Aug 16, 2017","44,186.96","43,912.92","44,332.51","43,781.57","87.15K","0.65%"
"Aug 15, 2017","43,899.45","45,331.16","45,419.52","43,822.20","85.39K","-3.07%"
"Aug 11, 2017","45,288.49","45,625.14","45,627.05","45,261.25","42.50K","-0.76%"
"Aug 10, 2017","45,634.02","46,024.13","46,213.14","45,572.11","74.53K","-0.79%"
"Aug 09, 2017","45,998.81","46,010.39","46,101.08","45,591.38","101.53K","0.04%"
"Aug 08, 2017","45,979.70","46,515.07","46,517.55","45,905.02","84.45K","-1.05%"
"Aug 07, 2017","46,465.66","46,892.24","46,929.20","46,336.66","99.96K","-0.88%"
"Aug 04, 2017","46,877.37","47,121.41","47,241.17","46,834.99","137.74K","-0.44%"
"Aug 03, 2017","47,084.34","47,040.47","47,167.63","46,857.45","201.99K","0.29%"
"Aug 02, 2017","46,949.04","46,690.30","46,989.27","46,689.62","154.55K","0.89%"
"Aug 01, 2017","46,533.43","46,071.70","46,623.91","46,064.87","108.04K","1.14%"
"Jul 31, 2017","46,010.45","46,334.55","47,111.54","45,911.74","150.41K","0.21%"
"Jul 28, 2017","45,912.03","44,989.88","46,060.55","44,235.94","161.05K","0.01%"
"Jul 27, 2017","45,905.76","45,854.97","46,025.07","45,758.21","73.39K","-0.01%"
"Jul 26, 2017","45,908.39","46,031.54","46,106.72","45,857.92","66.82K","-0.02%"
"Jul 25, 2017","45,917.90","45,570.34","45,939.56","45,499.23","79.01K","0.85%"
"Jul 24, 2017","45,529.20","45,366.30","45,566.70","45,271.06","53.08K","0.52%"
"Jul 21, 2017","45,294.39","44,975.20","45,382.22","44,548.36","56.61K","0.52%"
"Jul 20, 2017","45,059.93","45,651.57","46,087.58","44,971.68","67.13K","-0.79%"
"Jul 19, 2017","45,418.70","45,651.26","45,808.80","45,297.15","82.02K","-0.48%"
"Jul 18, 2017","45,636.36","44,517.52","45,669.06","44,517.06","83.69K","2.50%"
"Jul 17, 2017","44,523.21","44,195.09","44,630.07","44,173.44","33.98K","0.42%"
"Jul 14, 2017","44,337.44","43,806.39","44,466.38","43,695.88","58.17K","1.27%"
"Jul 13, 2017","43,783.55","43,777.62","44,121.30","43,060.98","76.51K","-0.02%"
"Jul 12, 2017","43,792.19","43,746.75","44,205.77","43,027.15","126.79K","-0.74%"
"Jul 11, 2017","44,120.58","45,278.17","45,278.17","44,117.17","104.05K","-4.65%"
"Jul 10, 2017","46,273.81","45,133.46","46,332.35","44,710.24","120.98K","2.33%"
"Jul 07, 2017","45,222.15","44,819.65","45,291.89","44,549.45","75.72K","0.89%"
"Jul 06, 2017","44,823.11","45,385.90","45,579.95","44,560.21","72.69K","-1.30%"
"Jul 05, 2017","45,413.42","45,408.68","46,358.26","45,152.63","108.49K","0.04%"
"Jul 04, 2017","45,394.06","44,610.69","45,686.03","44,328.20","99.78K","1.63%"
"Jul 03, 2017","44,665.41","46,523.33","46,523.33","44,639.82","77.68K","-4.08%"
"Jun 30, 2017","46,565.29","46,747.19","46,831.98","46,506.12","113.13K","-0.31%"
"Jun 29, 2017","46,711.85","46,398.74","47,086.47","46,115.60","106.82K","0.82%"
"Jun 22, 2017","46,332.31","45,611.28","46,464.38","45,540.66","167.31K","1.89%"
"Jun 21, 2017","45,474.46","44,699.09","45,765.35","43,826.67","187.88K","1.25%"
"Jun 20, 2017","44,914.44","46,666.51","46,777.33","44,823.56","135.20K","-3.60%"
"Jun 19, 2017","46,593.34","46,914.07","47,083.26","46,312.95","74.83K","-0.57%"
"Jun 16, 2017","46,858.56","47,461.36","47,527.41","46,733.70","58.27K","-1.23%"
"Jun 15, 2017","47,442.73","47,482.08","48,088.63","47,369.87","107.37K","-0.35%"
"Jun 14, 2017","47,608.64","48,252.15","48,601.75","47,484.85","74.80K","-0.96%"
"Jun 13, 2017","48,071.04","47,593.37","48,513.23","47,099.99","103.24K","0.84%"
"Jun 12, 2017","47,671.80","49,433.90","49,433.90","47,538.17","62.64K","-3.75%"
"Jun 09, 2017","49,526.92","49,950.34","49,961.00","49,478.43","39.35K","-0.86%"
"Jun 08, 2017","49,958.33","50,082.65","50,290.49","49,875.56","64.80K","-0.41%"
"Jun 07, 2017","50,162.81","50,236.85","50,349.10","49,968.74","59.67K","0.04%"
"Jun 06, 2017","50,144.63","50,297.80","50,311.01","49,920.08","89.85K","0.05%"
"Jun 05, 2017","50,120.93","48,705.86","50,163.07","48,705.86","99.97K","3.22%"
"Jun 02, 2017","48,555.30","48,543.62","48,915.64","47,491.65","105.06K","-0.46%"
"Jun 01, 2017","48,780.81","50,484.37","50,645.33","48,361.19","197.09K","-3.58%"
"May 31, 2017","50,591.57","51,472.75","51,492.44","50,213.66","274.37K","-1.67%"
"May 30, 2017","51,453.16","52,170.33","52,476.18","51,278.93","86.44K","-1.32%"
"May 29, 2017","52,138.90","52,395.20","52,563.91","52,036.34","63.34K","-0.95%"
"May 26, 2017","52,636.87","52,854.57","52,874.63","52,455.44","116.43K","-0.44%"
"May 25, 2017","52,869.01","53,042.15","53,127.24","52,733.89","142.45K","-0.01%"
"May 24, 2017","52,876.46","52,178.58","53,103.21","52,178.58","147.15K","1.40%"
"May 23, 2017","52,146.97","51,507.17","52,244.24","51,503.67","112.04K","1.51%"
"May 22, 2017","51,373.51","50,817.67","51,447.45","50,803.78","53.46K","1.24%"
"May 19, 2017","50,742.03","51,016.99","51,197.27","50,666.13","76.38K","-0.42%"
"May 18, 2017","50,956.60","51,569.93","51,570.29","50,875.11","69.29K","-1.08%"
"May 17, 2017","51,511.41","51,852.35","51,948.27","51,443.17","107.33K","-0.58%"
"May 16, 2017","51,813.19","52,821.55","52,846.70","51,754.07","120.54K","-1.10%"
"May 15, 2017","52,387.87","51,954.08","52,599.07","51,954.08","147.88K","1.23%"
"May 12, 2017","51,750.91","51,453.23","51,793.56","51,399.23","127.35K","0.63%"
"May 11, 2017","51,426.01","51,287.11","51,506.96","51,274.89","111.85K","0.63%"
"May 10, 2017","51,103.53","51,113.18","51,231.65","50,857.50","96.49K","0.06%"
"May 09, 2017","51,073.14","51,284.42","51,488.56","50,999.15","191.19K","0.27%"
"May 08, 2017","50,935.91","49,941.51","50,977.00","49,932.13","145.00K","2.18%"
"May 05, 2017","49,851.13","49,233.90","50,098.59","49,233.45","136.69K","1.15%"
"May 04, 2017","49,283.64","48,632.55","49,389.95","48,632.55","116.09K","1.40%"
"May 03, 2017","48,605.14","48,723.98","48,929.54","48,490.43","134.90K","-0.17%"
"May 02, 2017","48,689.42","49,146.38","49,255.85","48,665.09","88.07K","-1.24%"
"Apr 28, 2017","49,300.90","49,472.04","49,575.32","49,238.05","112.55K","-0.37%"
"Apr 27, 2017","49,481.70","49,876.94","49,909.33","49,445.69","110.81K","-0.69%"
"Apr 26, 2017","49,827.51","49,826.24","49,954.04","49,645.12","120.95K","0.09%"
"Apr 25, 2017","49,785.17","50,225.03","50,304.65","49,532.02","130.39K","-0.65%"
"Apr 24, 2017","50,111.67","49,830.78","50,204.38","49,588.92","135.67K","0.81%"
"Apr 21, 2017","49,708.65","48,870.16","49,743.43","48,867.06","159.07K","1.98%"
"Apr 20, 2017","48,743.56","47,557.55","49,509.30","47,361.11","199.79K","2.39%"
"Apr 19, 2017","47,603.48","46,250.97","47,715.65","46,048.07","140.92K","1.56%"
"Apr 18, 2017","46,874.37","47,115.82","47,179.45","46,809.19","82.62K","-0.53%"
"Apr 17, 2017","47,125.12","47,635.43","47,652.36","46,743.55","65.33K","-0.95%"
"Apr 14, 2017","47,577.06","47,899.23","47,955.60","47,543.09","53.17K","-0.78%"
"Apr 13, 2017","47,950.58","48,535.80","48,553.16","47,908.34","88.64K","-1.05%"
"Apr 12, 2017","48,457.26","48,281.21","48,518.11","48,280.77","77.33K","0.43%"
"Apr 11, 2017","48,250.07","47,919.74","48,257.03","47,870.17","50.13K","0.64%"
"Apr 10, 2017","47,942.95","47,896.90","48,095.55","47,731.99","49.08K","0.11%"
"Apr 07, 2017","47,889.37","47,410.28","47,960.80","47,410.28","55.95K","1.13%"
"Apr 06, 2017","47,356.60","47,552.29","47,634.87","47,254.65","63.04K","-0.46%"
"Apr 05, 2017","47,577.31","48,125.03","48,166.18","47,523.41","77.50K","-1.06%"
"Apr 04, 2017","48,088.37","48,233.20","48,366.04","48,050.54","56.70K","-0.29%"
"Apr 03, 2017","48,227.75","48,205.55","48,384.02","48,120.93","64.96K","0.15%"
"Mar 31, 2017","48,155.93","47,982.55","48,210.74","47,678.83","136.34K","0.43%"
"Mar 30, 2017","47,949.33","48,448.71","48,504.40","47,820.31","104.27K","-0.88%"
"Mar 29, 2017","48,375.63","48,594.29","48,909.10","48,336.78","93.65K","-0.30%"
"Mar 28, 2017","48,523.41","48,639.16","48,685.59","48,490.39","77.48K","-0.32%"
"Mar 27, 2017","48,680.16","49,048.05","49,049.43","48,633.26","87.15K","-0.59%"
"Mar 24, 2017","48,971.05","49,080.19","49,138.40","48,928.18","124.49K","-0.09%"
"Mar 22, 2017","49,016.79","49,057.57","49,147.32","48,961.06","131.69K","-0.01%"
"Mar 21, 2017","49,020.21","48,723.69","49,060.05","48,676.68","93.95K","0.66%"
"Mar 20, 2017","48,697.65","48,488.13","48,757.38","48,435.04","55.83K","0.60%"
"Mar 17, 2017","48,409.35","48,339.32","48,727.44","48,334.13","132.74K","0.25%"
"Mar 16, 2017","48,289.66","48,330.05","48,341.17","47,774.44","101.46K","-0.03%"
"Mar 15, 2017","48,305.83","48,630.19","48,767.44","48,209.89","114.13K","-0.48%"
"Mar 14, 2017","48,539.06","48,649.84","48,662.51","48,061.27","92.56K","-0.24%"
"Mar 13, 2017","48,655.72","49,188.56","49,254.77","48,562.00","50.03K","-1.09%"
"Mar 10, 2017","49,191.75","49,360.99","49,456.39","49,048.95","78.12K","-0.41%"
"Mar 09, 2017","49,392.44","49,752.10","49,857.09","49,219.55","96.52K","-0.73%"
"Mar 08, 2017","49,754.72","49,468.61","49,778.21","49,424.82","95.42K","0.61%"
"Mar 07, 2017","49,452.71","49,448.87","49,525.48","49,216.32","100.77K","0.04%"
"Mar 06, 2017","49,434.89","49,696.83","49,841.10","49,342.95","77.15K","-0.38%"
"Mar 03, 2017","49,623.81","49,778.59","49,894.52","49,564.08","118.71K","-0.15%"
"Mar 02, 2017","49,696.08","49,252.08","49,729.99","49,252.08","148.29K","1.44%"
"Mar 01, 2017","48,992.16","48,627.90","49,050.51","48,627.10","95.76K","0.94%"
"Feb 28, 2017","48,534.23","48,541.91","48,636.35","48,146.68","87.72K","0.03%"
"Feb 27, 2017","48,520.75","49,018.74","49,081.28","48,489.74","95.00K","-0.99%"
"Feb 24, 2017","49,007.99","49,136.80","49,273.94","48,941.69","133.46K","-0.11%"
"Feb 23, 2017","49,062.26","49,012.70","49,153.44","48,474.80","113.78K","0.16%"
"Feb 22, 2017","48,981.65","49,119.81","49,331.54","48,710.29","178.28K","-0.07%"
"Feb 21, 2017","49,015.09","48,924.70","49,103.59","48,655.92","118.97K","0.18%"
"Feb 20, 2017","48,929.12","49,425.63","49,597.33","48,850.90","112.58K","-0.90%"
"Feb 17, 2017","49,375.71","49,612.89","49,893.38","49,320.48","153.83K","-0.43%"
"Feb 16, 2017","49,588.30","49,344.90","49,693.84","49,163.91","88.87K","0.76%"
"Feb 15, 2017","49,214.15","49,833.70","49,920.28","49,097.02","156.60K","-1.11%"
"Feb 14, 2017","49,767.91","49,931.94","50,036.65","49,527.70","136.39K","-0.40%"
"Feb 13, 2017","49,965.63","50,032.44","50,322.55","49,834.69","143.01K","0.08%"
"Feb 10, 2017","49,925.08","49,929.24","50,093.38","49,845.85","137.31K","0.03%"
"Feb 09, 2017","49,908.15","49,896.54","50,196.83","49,784.33","245.85K","0.07%"
"Feb 08, 2017","49,874.96","49,967.34","50,034.94","49,742.74","174.85K","0.03%"
"Feb 07, 2017","49,859.39","49,706.37","49,920.26","49,705.76","120.47K","0.46%"
"Feb 06, 2017","49,630.04","49,643.00","49,739.89","49,534.07","97.53K","0.15%"
"Feb 03, 2017","49,555.83","49,697.22","49,780.53","49,430.90","147.44K","-0.22%"
"Feb 02, 2017","49,665.97","49,594.14","49,933.91","49,426.87","177.99K","0.42%"
"Feb 01, 2017","49,455.86","48,963.60","49,514.10","48,963.60","180.49K","1.43%"
"Jan 31, 2017","48,757.67","48,909.78","49,142.77","48,349.36","162.09K","-0.44%"
"Jan 30, 2017","48,972.24","50,086.60","50,339.93","48,836.50","184.15K","-1.98%"
"Jan 27, 2017","49,963.77","50,230.54","50,886.80","49,900.63","384.50K","-0.46%"
"Jan 26, 2017","50,192.36","49,771.18","50,286.02","49,668.64","202.81K","0.88%"
"Jan 25, 2017","49,756.77","50,094.26","50,267.24","49,721.46","172.66K","-0.42%"
"Jan 24, 2017","49,968.92","49,942.88","50,055.36","49,621.84","226.39K","0.19%"
"Jan 23, 2017","49,876.18","49,532.13","49,937.25","49,532.13","349.13K","1.04%"
"Jan 20, 2017","49,364.83","49,027.96","49,464.06","49,027.96","181.24K","0.72%"
"Jan 19, 2017","49,013.82","48,742.25","49,065.33","48,693.89","208.55K","0.76%"
"Jan 18, 2017","48,642.21","48,731.50","48,971.01","48,501.42","151.90K","-0.07%"
"Jan 17, 2017","48,678.65","48,961.63","49,003.96","48,108.93","179.47K","-0.43%"
"Jan 16, 2017","48,888.54","49,392.83","49,395.11","48,821.75","157.17K","-0.65%"
"Jan 13, 2017","49,210.50","49,610.05","49,673.17","49,155.68","167.83K","-0.62%"
"Jan 12, 2017","49,517.02","49,590.63","49,804.55","49,454.61","200.54K","0.29%"
"Jan 11, 2017","49,371.60","48,872.02","49,389.89","48,867.86","191.35K","1.04%"
"Jan 10, 2017","48,865.79","48,957.32","49,001.38","48,687.26","176.92K","-0.35%"
"Jan 09, 2017","49,039.41","49,082.86","49,439.26","48,998.17","178.31K","0.00%"
"Jan 06, 2017","49,038.23","48,769.07","49,104.04","48,769.07","153.15K","0.67%"
"Jan 05, 2017","48,713.63","48,743.07","48,934.00","48,642.09","140.67K","0.02%"
"Jan 04, 2017","48,704.99","48,814.47","49,069.05","48,635.87","181.32K","-0.25%"
"Jan 03, 2017","48,827.55","48,278.62","48,924.08","47,906.38","210.06K","1.22%"
"Jan 02, 2017","48,240.28","47,881.53","48,357.57","47,878.33","181.43K","0.91%"
"Dec 30, 2016","47,806.97","47,675.89","47,933.80","47,634.81","154.53K","0.29%"
"Dec 29, 2016","47,666.66","47,509.57","47,713.34","47,495.66","197.64K","0.51%"
"Dec 28, 2016","47,424.63","46,986.12","47,563.46","46,986.12","140.85K","1.07%"
"Dec 27, 2016","46,920.47","46,687.53","46,985.65","46,685.76","90.44K","0.49%"
"Dec 26, 2016","46,689.73","46,660.53","46,898.59","46,622.42","83.50K","0.12%"
"Dec 23, 2016","46,633.99","46,730.56","46,826.71","46,443.22","105.41K","-0.14%"
"Dec 22, 2016","46,699.78","47,067.86","47,202.02","46,665.52","133.71K","-0.62%"
"Dec 21, 2016","46,993.31","47,303.45","47,325.91","46,344.88","176.81K","-0.46%"
"Dec 20, 2016","47,210.06","47,027.18","47,380.88","46,810.02","201.20K","0.58%"
"Dec 19, 2016","46,938.59","46,813.27","47,070.56","46,813.27","187.25K","0.76%"
"Dec 16, 2016","46,584.53","46,419.06","46,661.74","46,229.89","177.42K","0.49%"
"Dec 15, 2016","46,358.35","46,165.17","46,635.31","46,141.79","171.81K","0.37%"
"Dec 14, 2016","46,185.27","45,957.68","46,268.44","45,602.64","201.04K","0.71%"
"Dec 13, 2016","45,857.89","45,788.21","46,126.21","45,735.80","193.87K","1.04%"
"Dec 09, 2016","45,387.23","44,901.14","45,489.59","44,898.85","195.26K","1.44%"
"Dec 08, 2016","44,741.98","44,653.09","44,836.10","44,447.89","135.93K","0.56%"
"Dec 07, 2016","44,494.99","44,273.58","44,539.28","44,107.82","244.97K","0.67%"
"Dec 06, 2016","44,199.40","43,807.15","44,236.89","43,807.15","189.58K","1.05%"
"Dec 05, 2016","43,739.97","43,359.62","43,797.69","43,346.55","128.83K","1.08%"
"Dec 02, 2016","43,270.90","43,002.62","43,308.14","42,913.21","88.32K","0.85%"
"Dec 01, 2016","42,907.36","43,032.81","43,280.43","42,860.97","175.75K","0.67%"
"Nov 30, 2016","42,622.37","42,839.50","42,865.59","42,583.10","138.21K","-0.44%"
"Nov 29, 2016","42,811.27","43,085.95","43,297.41","42,772.56","174.78K","-0.58%"
"Nov 28, 2016","43,060.71","43,039.77","43,184.92","43,011.43","91.75K","0.14%"
"Nov 25, 2016","42,999.66","42,973.72","43,066.84","42,907.07","149.09K","0.12%"
"Nov 24, 2016","42,949.73","42,905.54","43,206.33","42,905.53","140.03K","0.11%"
"Nov 23, 2016","42,901.02","42,706.01","42,923.42","42,582.41","144.50K","0.63%"
"Nov 22, 2016","42,631.58","42,535.56","42,748.40","42,535.56","122.89K","0.45%"
"Nov 21, 2016","42,439.04","42,369.53","42,546.53","42,336.45","100.51K","0.27%"
"Nov 18, 2016","42,324.94","42,436.40","42,505.70","42,253.88","106.05K","-0.20%"
"Nov 17, 2016","42,411.80","42,441.91","42,526.93","42,326.98","140.07K","0.02%"
"Nov 16, 2016","42,404.47","42,364.15","42,481.07","42,213.50","114.06K","0.26%"
"Nov 15, 2016","42,292.67","42,546.24","42,641.53","42,251.55","125.81K","-0.55%"
"Nov 14, 2016","42,525.93","42,946.85","43,084.67","42,400.30","258.66K","-0.75%"
"Nov 11, 2016","42,849.12","42,719.34","42,949.16","42,497.73","213.16K","0.34%"
"Nov 10, 2016","42,703.99","42,309.03","42,772.21","42,309.03","232.30K","1.19%"
"Nov 09, 2016","42,203.63","41,842.26","42,227.74","41,352.52","296.15K","0.21%"
"Nov 08, 2016","42,113.91","42,261.03","42,413.46","42,009.91","289.24K","-0.05%"
"Nov 07, 2016","42,133.54","41,853.00","42,204.53","41,804.14","169.36K","0.70%"
"Nov 04, 2016","41,841.56","41,959.89","42,121.47","41,799.26","213.64K","-0.32%"
"Nov 03, 2016","41,974.46","41,855.47","42,107.99","41,702.88","242.81K","0.56%"
"Nov 02, 2016","41,742.75","41,563.86","41,962.62","41,375.82","230.67K","1.07%"
"Nov 01, 2016","41,299.87","39,894.10","41,340.68","39,855.42","206.51K","3.52%"
"Oct 31, 2016","39,893.84","39,883.94","40,173.83","39,789.70","130.69K","0.05%"
"Oct 28, 2016","39,872.88","39,792.57","40,061.01","39,538.04","151.43K","-0.29%"
"Oct 27, 2016","39,987.31","40,553.48","40,583.26","39,929.05","162.60K","-1.33%"
"Oct 26, 2016","40,526.81","40,774.87","40,921.37","40,427.13","197.13K","-0.58%"
"Oct 25, 2016","40,764.76","40,722.99","40,812.15","40,176.81","163.46K","-0.21%"
"Oct 24, 2016","40,852.03","41,264.00","41,264.00","40,793.56","115.40K","-1.06%"
"Oct 21, 2016","41,291.43","41,577.36","41,600.97","41,257.67","217.78K","-0.61%"
"Oct 20, 2016","41,545.95","41,022.85","41,688.57","41,019.05","218.87K","1.52%"
"Oct 19, 2016","40,924.14","41,011.96","41,063.88","40,668.82","166.69K","-0.07%"
"Oct 18, 2016","40,954.22","41,279.83","41,280.12","40,759.96","164.54K","-0.80%"
"Oct 17, 2016","41,282.72","41,509.75","41,604.60","41,256.36","149.45K","-0.44%"
"Oct 14, 2016","41,464.31","41,435.56","41,512.44","41,170.43","180.59K","0.13%"
"Oct 13, 2016","41,412.04","41,527.71","41,631.55","41,344.17","193.49K","0.02%"
"Oct 10, 2016","41,403.97","41,295.15","41,431.57","41,199.85","135.79K","0.49%"
"Oct 07, 2016","41,200.48","41,309.50","41,372.21","41,124.13","179.32K","-0.13%"
"Oct 06, 2016","41,252.17","41,327.43","41,446.70","41,231.81","231.71K","-0.00%"
"Oct 05, 2016","41,253.46","41,277.17","41,425.09","41,240.13","178.27K","0.31%"
"Oct 04, 2016","41,123.97","41,119.98","41,197.34","41,014.01","196.79K","0.34%"
"Oct 03, 2016","40,986.31","40,652.88","41,131.35","40,650.76","176.32K","1.10%"
"Sep 30, 2016","40,541.81","40,346.92","40,580.33","40,245.47","176.79K","0.61%"
"Sep 29, 2016","40,295.52","40,644.22","40,861.27","40,144.00","234.86K","-0.15%"
"Sep 28, 2016","40,355.02","40,344.79","40,467.91","40,207.26","192.10K","0.15%"
"Sep 27, 2016","40,294.38","40,304.42","40,406.91","40,156.84","185.65K","0.18%"
"Sep 26, 2016","40,220.76","39,866.43","40,275.84","39,866.43","124.42K","1.10%"
"Sep 23, 2016","39,781.95","40,166.40","40,180.33","39,739.17","105.21K","-0.88%"
"Sep 22, 2016","40,135.31","39,899.07","40,319.00","39,899.07","209.31K","0.91%"
"Sep 21, 2016","39,771.42","40,353.05","40,356.16","39,646.77","210.69K","-1.41%"
"Sep 20, 2016","40,340.46","40,414.72","40,508.95","40,129.70","212.73K","-0.18%"
"Sep 19, 2016","40,414.72","40,426.67","40,542.64","40,392.47","282.06K","0.13%"
"Sep 16, 2016","40,363.68","40,298.02","40,473.43","40,286.86","216.42K","0.37%"
"Sep 15, 2016","40,216.35","40,347.36","40,347.72","40,133.51","148.79K","-0.31%"
"Sep 09, 2016","40,340.23","40,191.19","40,420.19","40,183.16","200.62K","0.51%"
"Sep 08, 2016","40,136.93","40,247.91","40,289.87","40,053.18","187.61K","0.13%"
"Sep 07, 2016","40,084.87","39,775.08","40,110.45","39,775.08","195.79K","1.00%"
"Sep 06, 2016","39,688.97","39,331.36","39,769.76","39,250.16","110.00K","1.05%"
"Sep 05, 2016","39,278.11","39,470.79","39,595.11","39,248.68","82.09K","-0.47%"
"Sep 02, 2016","39,464.65","39,754.84","39,755.63","39,432.18","102.04K","-0.69%"
"Sep 01, 2016","39,738.67","39,813.60","39,899.74","39,722.78","101.87K","-0.18%"
"Aug 31, 2016","39,809.58","39,996.38","40,022.76","39,772.70","104.80K","-0.46%"
"Aug 30, 2016","39,991.79","40,040.24","40,084.11","39,943.49","160.28K","-0.08%"
"Aug 29, 2016","40,023.02","39,991.94","40,102.51","39,991.94","182.31K","0.24%"
"Aug 26, 2016","39,926.70","39,823.66","39,950.24","39,800.81","159.93K","0.34%"
"Aug 25, 2016","39,792.10","39,525.37","39,867.09","39,511.55","119.77K","0.72%"
"Aug 24, 2016","39,506.58","39,418.39","39,544.68","39,362.25","63.53K","0.27%"
"Aug 23, 2016","39,400.19","39,404.45","39,617.75","39,362.61","66.51K","-0.15%"
"Aug 22, 2016","39,457.95","39,531.84","39,543.18","39,254.05","79.63K","-0.10%"
"Aug 19, 2016","39,499.08","39,802.66","39,839.19","39,465.20","135.52K","-0.68%"
"Aug 18, 2016","39,771.20","40,113.31","40,213.89","39,742.78","135.25K","-0.71%"
"Aug 17, 2016","40,057.52","40,076.41","40,205.07","40,018.36","128.55K","0.02%"
"Aug 16, 2016","40,050.17","40,115.03","40,211.35","40,027.76","96.89K","0.05%"
"Aug 15, 2016","40,030.52","39,998.82","40,104.15","39,977.85","81.65K","0.31%"
"Aug 12, 2016","39,907.64","39,982.20","40,083.06","39,866.38","140.95K","0.12%"
"Aug 11, 2016","39,861.60","39,815.76","39,907.52","39,743.26","185.13K","0.14%"
"Aug 10, 2016","39,805.88","39,709.92","39,862.94","39,709.92","107.17K","0.36%"
"Aug 09, 2016","39,663.71","39,475.71","39,737.57","39,475.71","133.64K","0.48%"
"Aug 08, 2016","39,476.17","39,386.24","39,500.56","39,379.48","99.80K","0.22%"
"Aug 05, 2016","39,390.21","39,399.90","39,507.80","39,330.02","144.82K","-0.14%"
"Aug 04, 2016","39,446.70","39,631.22","39,824.14","39,395.79","93.13K","-0.43%"
"Aug 03, 2016","39,615.76","39,794.98","39,833.66","39,594.08","103.04K","-0.43%"
"Aug 02, 2016","39,786.93","39,820.62","39,860.57","39,675.28","122.31K","-0.03%"
"Aug 01, 2016","39,800.64","39,567.45","39,917.13","39,559.88","122.01K","0.75%"
"Jul 29, 2016","39,505.28","39,426.23","39,562.18","39,280.69","96.03K","0.09%"
"Jul 28, 2016","39,468.98","39,461.12","39,716.14","39,325.11","90.68K","0.09%"
"Jul 27, 2016","39,434.97","39,185.95","39,592.03","39,130.07","104.81K","0.73%"
"Jul 26, 2016","39,147.33","38,996.44","39,195.92","38,996.44","112.58K","0.33%"
"Jul 25, 2016","39,017.32","39,144.56","39,159.54","38,996.97","73.20K","-0.34%"
"Jul 22, 2016","39,151.78","39,307.31","39,420.65","39,114.31","120.11K","-0.39%"
"Jul 21, 2016","39,306.79","39,063.77","39,390.42","39,063.77","139.73K","0.53%"
"Jul 20, 2016","39,098.79","39,216.44","39,288.42","38,945.96","151.42K","-0.28%"
"Jul 19, 2016","39,208.88","39,225.34","39,322.25","39,164.30","121.08K","-0.11%"
"Jul 18, 2016","39,253.25","39,188.89","39,269.14","38,905.82","122.84K","0.17%"
"Jul 15, 2016","39,188.47","39,249.57","39,415.25","39,148.66","122.47K","-0.17%"
"Jul 14, 2016","39,257.00","39,053.07","39,295.46","38,948.17","88.64K","0.53%"
"Jul 13, 2016","39,049.46","39,116.50","39,289.11","39,017.96","137.65K","0.05%"
"Jul 12, 2016","39,031.62","38,404.14","39,067.29","38,404.14","179.23K","1.73%"
"Jul 11, 2016","38,367.96","37,881.41","38,427.78","37,814.60","110.87K","1.06%"
"Jul 04, 2016","37,966.76","37,887.84","38,007.51","37,691.13","88.23K","0.48%"
"Jun 30, 2016","37,783.54","37,800.74","37,993.74","37,730.31","81.48K","-0.01%"
"Jun 29, 2016","37,786.57","37,240.53","37,801.92","37,240.53","91.85K","1.91%"
"Jun 28, 2016","37,076.63","37,056.90","37,267.30","36,863.64","94.13K","0.10%"
"Jun 27, 2016","37,039.57","37,399.42","37,503.96","36,957.05","119.75K","-0.94%"
"Jun 24, 2016","37,389.88","38,229.62","38,229.62","36,826.08","154.85K","-2.22%"
"Jun 23, 2016","38,237.89","38,145.04","38,264.58","38,014.52","67.60K","0.23%"
"Jun 22, 2016","38,149.26","38,442.55","38,620.05","38,123.12","74.16K","-0.69%"
"Jun 21, 2016","38,415.31","38,492.44","38,605.82","38,337.93","90.80K","-0.14%"
"Jun 20, 2016","38,469.82","38,888.55","38,981.56","38,469.82","114.53K","-0.79%"
"Jun 17, 2016","38,776.94","38,774.78","38,963.03","38,640.00","104.73K","0.07%"
"Jun 16, 2016","38,751.60","38,596.27","39,039.67","38,392.00","191.48K","0.50%"
"Jun 15, 2016","38,559.87","37,625.37","38,609.01","37,625.37","193.10K","2.78%"
"Jun 14, 2016","37,517.75","37,051.06","37,594.39","37,051.06","109.62K","1.45%"
"Jun 13, 2016","36,979.96","36,883.71","37,081.97","36,637.81","104.73K","0.11%"
"Jun 10, 2016","36,940.88","37,456.21","37,459.92","36,828.82","71.08K","-1.27%"
"Jun 09, 2016","37,414.26","37,479.20","37,536.32","37,392.24","98.11K","-0.03%"
"Jun 08, 2016","37,426.39","37,502.21","37,614.45","37,411.44","104.68K","0.09%"
"Jun 07, 2016","37,392.29","37,389.62","37,539.00","37,331.39","102.83K","0.11%"
"Jun 06, 2016","37,352.27","37,260.36","37,481.11","37,208.27","161.13K","0.35%"
"Jun 03, 2016","37,223.00","36,893.32","37,360.88","36,893.32","172.83K","1.04%"
"Jun 02, 2016","36,839.14","36,483.20","36,880.86","36,483.20","219.02K","0.94%"
"Jun 01, 2016","36,496.16","36,046.97","36,518.58","36,044.60","127.45K","1.21%"
"May 31, 2016","36,061.56","36,199.51","36,414.38","35,947.74","135.42K","-0.48%"
"May 30, 2016","36,234.69","36,666.05","36,684.26","36,183.80","108.12K","-1.25%"
"May 27, 2016","36,694.26","36,549.96","36,775.80","36,531.41","101.75K","0.42%"
"May 26, 2016","36,540.97","36,565.77","36,683.09","36,461.95","109.08K","0.11%"
"May 25, 2016","36,499.43","36,583.53","36,767.24","36,483.21","119.47K","-0.23%"
"May 24, 2016","36,582.35","36,740.33","36,794.07","36,553.78","169.13K","-0.38%"
"May 23, 2016","36,723.35","36,725.57","36,751.43","36,433.48","168.73K","0.08%"
"May 20, 2016","36,693.50","36,721.78","36,848.02","36,646.97","173.67K","0.02%"
"May 19, 2016","36,685.05","36,321.76","36,809.31","36,321.76","273.93K","1.01%"
"May 18, 2016","36,318.21","36,197.15","36,366.20","36,180.50","134.35K","0.50%"
"May 17, 2016","36,137.12","36,215.94","36,390.41","36,100.02","161.73K","0.03%"
"May 16, 2016","36,125.37","36,173.30","36,241.57","36,090.50","79.44K","0.01%"
"May 13, 2016","36,122.49","36,052.38","36,123.37","35,957.21","115.77K","0.20%"
"May 12, 2016","36,048.76","36,260.20","36,448.43","36,016.66","108.96K","-0.60%"
"May 11, 2016","36,266.23","36,358.20","36,412.23","36,231.58","168.84K","0.00%"
"May 10, 2016","36,265.12","36,179.68","36,339.42","36,037.80","124.89K","0.08%"
"May 09, 2016","36,234.99","36,089.70","36,303.86","36,089.70","148.77K","0.73%"
"May 06, 2016","35,973.68","35,983.78","36,203.51","35,832.32","218.34K","0.09%"
"May 05, 2016","35,941.47","35,351.68","35,961.99","35,351.68","171.30K","1.77%"
"May 04, 2016","35,317.56","34,919.15","35,440.37","34,919.15","194.11K","1.20%"
"May 03, 2016","34,897.30","34,557.37","34,923.19","34,474.49","130.02K","0.95%"
"May 02, 2016","34,567.52","34,727.20","34,806.66","34,489.97","119.83K","-0.44%"
"Apr 29, 2016","34,719.29","34,591.87","34,881.67","34,458.79","180.50K","0.63%"
"Apr 28, 2016","34,503.64","34,323.31","34,580.97","34,323.31","152.41K","0.68%"
"Apr 27, 2016","34,269.28","33,933.82","34,307.30","33,917.55","135.97K","1.25%"
"Apr 26, 2016","33,847.74","33,711.98","34,027.17","33,702.78","140.93K","0.48%"
"Apr 25, 2016","33,684.56","33,764.95","33,785.74","33,498.75","74.64K","-0.16%"
"Apr 22, 2016","33,739.54","33,603.67","33,848.39","33,599.30","92.65K","0.50%"
"Apr 21, 2016","33,572.13","33,619.81","33,916.69","33,495.37","167.14K","-0.14%"
"Apr 20, 2016","33,619.84","33,755.82","33,757.29","33,599.45","111.99K","-0.33%"
"Apr 19, 2016","33,729.62","33,763.08","33,886.44","33,676.66","104.25K","-0.09%"
"Apr 18, 2016","33,759.97","33,700.47","33,832.85","33,632.83","94.68K","-0.02%"
"Apr 15, 2016","33,767.12","33,793.61","33,917.46","33,736.75","90.98K","-0.00%"
"Apr 14, 2016","33,767.59","33,672.92","33,814.80","33,605.63","121.78K","0.36%"
"Apr 13, 2016","33,646.10","33,676.66","33,785.64","33,471.92","108.87K","0.09%"
"Apr 12, 2016","33,616.90","33,578.03","33,675.59","33,415.93","83.11K","0.15%"
"Apr 11, 2016","33,566.22","34,015.06","34,154.70","33,547.87","115.67K","-1.18%"
"Apr 08, 2016","33,967.54","33,893.72","33,993.98","33,877.24","105.80K","0.21%"
"Apr 07, 2016","33,896.03","34,034.94","34,058.06","33,870.80","103.29K","-0.15%"
"Apr 06, 2016","33,946.37","33,815.86","34,032.65","33,815.86","187.70K","0.53%"
"Apr 05, 2016","33,766.49","33,815.77","33,951.41","33,714.06","213.20K","-0.12%"
"Apr 04, 2016","33,808.42","33,476.49","33,829.32","33,372.95","163.40K","1.07%"
"Apr 01, 2016","33,449.62","33,129.75","33,467.47","33,121.92","119.96K","0.94%"
"Mar 31, 2016","33,139.00","32,910.47","33,188.35","32,910.47","114.64K","0.66%"
"Mar 30, 2016","32,922.40","32,880.99","32,998.54","32,863.62","71.95K","0.13%"
"Mar 29, 2016","32,879.67","32,921.06","33,000.68","32,854.33","67.46K","-0.07%"
"Mar 28, 2016","32,904.32","32,835.00","32,986.89","32,736.74","50.15K","0.08%"
"Mar 25, 2016","32,876.55","32,807.29","32,905.67","32,777.11","62.60K","0.23%"
"Mar 24, 2016","32,801.88","32,883.44","32,941.17","32,778.41","47.12K","-0.38%"
"Mar 22, 2016","32,928.30","33,084.45","33,191.08","32,868.07","70.59K","-0.29%"
"Mar 21, 2016","33,022.87","33,081.69","33,164.99","33,000.46","54.68K","-0.17%"
"Mar 18, 2016","33,080.40","32,968.58","33,145.62","32,942.26","111.78K","0.37%"
"Mar 17, 2016","32,957.75","32,994.52","33,116.26","32,937.76","89.39K","0.20%"
"Mar 16, 2016","32,891.08","32,661.76","32,941.44","32,654.82","100.67K","0.82%"
"Mar 15, 2016","32,623.02","32,749.23","32,769.18","32,585.79","96.29K","-0.35%"
"Mar 14, 2016","32,738.56","32,708.30","32,878.66","32,708.30","69.25K","0.21%"
"Mar 11, 2016","32,669.16","32,716.67","32,757.62","32,523.19","66.76K","-0.13%"
"Mar 10, 2016","32,710.56","33,030.94","33,080.36","32,671.23","76.41K","-0.75%"
"Mar 09, 2016","32,957.98","32,984.48","33,086.51","32,893.07","125.03K","-0.23%"
"Mar 08, 2016","33,032.85","33,083.69","33,210.52","32,933.29","145.88K","0.03%"
"Mar 07, 2016","33,022.60","32,463.90","33,029.62","32,463.90","125.77K","1.79%"
"Mar 04, 2016","32,441.74","32,236.49","32,480.39","32,236.49","95.28K","0.92%"
"Mar 03, 2016","32,146.58","31,849.86","32,233.43","31,849.86","93.90K","1.18%"
"Mar 02, 2016","31,772.90","31,532.79","31,876.16","31,532.79","115.00K","0.84%"
"Mar 01, 2016","31,509.11","31,384.67","31,538.65","31,321.70","59.24K","0.45%"
"Feb 29, 2016","31,369.51","31,303.18","31,434.61","31,219.14","71.61K","0.24%"
"Feb 26, 2016","31,294.08","30,856.24","31,329.74","30,856.24","79.69K","1.60%"
"Feb 25, 2016","30,802.53","30,828.91","30,936.71","30,712.85","77.38K","0.05%"
"Feb 24, 2016","30,786.60","30,506.85","30,897.44","30,474.37","85.23K","0.73%"
"Feb 23, 2016","30,564.50","30,731.01","30,841.53","30,275.61","111.42K","-0.37%"
"Feb 22, 2016","30,677.68","31,027.35","31,062.84","30,599.74","62.89K","-1.08%"
"Feb 19, 2016","31,011.77","31,295.00","31,295.00","30,946.36","70.08K","-0.87%"
"Feb 18, 2016","31,282.44","31,577.75","31,707.89","31,249.36","84.33K","-0.60%"
"Feb 17, 2016","31,469.70","31,705.86","31,705.86","31,334.41","65.79K","-0.64%"
"Feb 16, 2016","31,673.16","32,026.39","32,159.26","31,608.70","113.48K","-0.80%"
"Feb 15, 2016","31,928.15","31,604.18","31,970.85","31,604.18","59.14K","1.47%"
"Feb 12, 2016","31,464.16","31,838.37","31,911.96","31,389.20","86.60K","-1.12%"
"Feb 11, 2016","31,820.54","32,150.97","32,204.38","31,782.57","64.92K","-1.01%"
"Feb 10, 2016","32,144.59","32,401.41","32,464.18","32,104.55","109.89K","-0.92%"
"Feb 09, 2016","32,444.20","32,710.82","32,716.32","32,421.02","91.63K","-0.80%"
"Feb 08, 2016","32,706.22","32,474.60","32,851.23","32,463.44","86.61K","0.70%"
"Feb 04, 2016","32,478.98","32,134.78","32,504.12","32,134.78","88.25K","1.23%"
"Feb 03, 2016","32,084.06","31,886.11","32,183.73","31,778.81","81.50K","0.39%"
"Feb 02, 2016","31,960.61","31,866.77","32,172.53","31,866.77","106.68K","0.26%"
"Feb 01, 2016","31,878.15","31,417.13","31,889.51","31,416.82","103.58K","1.85%"
"Jan 29, 2016","31,298.60","31,267.60","31,461.52","31,261.36","106.29K","0.34%"
"Jan 28, 2016","31,193.73","31,119.17","31,247.85","31,052.13","52.22K","0.30%"
"Jan 27, 2016","31,101.38","31,146.57","31,386.21","31,065.72","78.49K","0.09%"
"Jan 26, 2016","31,074.38","30,962.95","31,140.11","30,886.29","72.90K","0.03%"
"Jan 25, 2016","31,065.13","31,089.65","31,322.59","30,978.40","72.13K","0.38%"
"Jan 22, 2016","30,949.02","30,771.42","30,998.30","30,771.42","74.76K","0.64%"
"Jan 21, 2016","30,751.80","30,808.38","31,029.17","30,705.53","93.18K","-0.05%"
"Jan 20, 2016","30,766.01","31,079.31","31,079.31","30,689.84","76.45K","-1.05%"
"Jan 19, 2016","31,092.61","30,642.82","31,136.30","30,549.86","98.64K","1.52%"
"Jan 18, 2016","30,628.40","30,901.00","30,901.00","29,785.00","142.73K","-1.20%"
"Jan 15, 2016","31,001.49","31,433.49","31,637.22","30,887.74","88.23K","-1.40%"
"Jan 14, 2016","31,441.02","32,093.21","32,093.21","31,364.13","120.38K","-2.22%"
"Jan 13, 2016","32,154.17","32,323.39","32,484.31","32,059.54","73.20K","-0.35%"
"Jan 12, 2016","32,265.65","32,275.02","32,330.19","32,005.46","77.89K","-0.17%"
"Jan 11, 2016","32,320.05","32,535.57","32,555.21","32,290.40","51.90K","-0.66%"
"Jan 08, 2016","32,534.85","32,716.16","32,775.40","32,476.63","71.87K","-0.45%"
"Jan 07, 2016","32,682.50","32,964.65","32,964.65","32,652.39","79.28K","-0.87%"
"Jan 06, 2016","32,968.26","33,036.63","33,123.53","32,930.37","61.27K","-0.05%"
"Jan 05, 2016","32,983.47","32,804.32","33,027.33","32,515.05","99.32K","-0.08%"
"Jan 04, 2016","33,009.13","33,265.58","33,304.40","32,968.63","68.94K","-0.66%"
"Jan 01, 2016","33,228.95","32,841.49","33,256.85","32,828.36","73.48K","1.26%"
"Dec 31, 2015","32,816.31","32,835.27","32,856.02","32,735.83","59.80K","-0.03%"
"Dec 30, 2015","32,825.03","32,864.12","32,961.78","32,734.06","57.89K","0.04%"
"Dec 29, 2015","32,811.89","32,671.46","32,952.42","32,671.46","94.82K","0.42%"
"Dec 28, 2015","32,674.04","32,561.20","32,763.33","32,560.26","84.35K","0.53%"
"Dec 23, 2015","32,500.75","32,682.49","32,706.10","32,489.58","71.79K","-0.43%"
"Dec 22, 2015","32,641.09","32,771.32","32,835.48","32,617.47","53.83K","-0.05%"
"Dec 21, 2015","32,658.97","32,743.49","32,753.20","32,490.25","54.44K","-0.36%"
"Dec 18, 2015","32,777.04","33,157.73","33,176.72","32,745.32","73.98K","-1.00%"
"Dec 17, 2015","33,109.54","32,750.19","33,162.05","32,750.19","93.42K","1.21%"
"Dec 16, 2015","32,714.60","32,535.11","32,746.07","32,535.11","107.92K","0.76%"
"Dec 15, 2015","32,467.04","32,846.55","32,994.15","32,420.44","96.77K","-0.89%"
"Dec 14, 2015","32,757.82","33,033.92","33,033.92","32,497.42","100.64K","-0.88%"
"Dec 11, 2015","33,048.51","33,225.98","33,247.99","33,033.37","130.99K","-0.49%"
"Dec 10, 2015","33,211.92","33,039.28","33,320.92","33,039.28","100.22K","0.58%"
"Dec 09, 2015","33,020.26","32,791.87","33,070.85","32,791.87","117.17K","0.70%"
"Dec 08, 2015","32,791.71","32,813.33","33,043.34","32,747.59","124.64K","-0.19%"
"Dec 07, 2015","32,853.54","32,717.03","33,010.22","32,595.00","82.75K","0.45%"
"Dec 04, 2015","32,707.91","32,593.64","32,771.74","32,571.77","70.30K","0.44%"
"Dec 03, 2015","32,565.14","32,412.83","32,630.11","32,288.98","70.95K","0.53%"
"Dec 02, 2015","32,392.92","31,796.08","32,440.16","31,672.23","115.42K","2.16%"
"Dec 01, 2015","31,709.36","32,263.56","32,464.52","31,666.11","110.32K","-1.69%"
"Nov 30, 2015","32,255.20","32,978.57","32,993.99","32,195.31","88.83K","-2.14%"
"Nov 27, 2015","32,960.27","33,079.53","33,132.67","32,820.28","81.77K","-0.36%"
"Nov 26, 2015","33,079.37","33,252.84","33,437.80","33,055.96","85.23K","-0.36%"
"Nov 25, 2015","33,199.86","33,602.98","33,616.52","33,125.55","90.76K","-1.11%"
"Nov 24, 2015","33,571.59","33,752.97","33,872.33","33,567.09","96.33K","-0.48%"
"Nov 23, 2015","33,732.91","33,875.41","33,908.40","33,719.25","73.85K","-0.37%"
"Nov 20, 2015","33,857.00","33,921.65","34,008.12","33,835.88","64.69K","-0.15%"
"Nov 19, 2015","33,908.44","33,956.64","34,003.29","33,900.22","48.59K","-0.12%"
"Nov 18, 2015","33,949.26","34,092.66","34,202.32","33,936.05","66.70K","-0.34%"
"Nov 17, 2015","34,065.87","33,970.47","34,168.76","33,970.47","68.81K","0.35%"
"Nov 16, 2015","33,946.41","34,086.94","34,086.94","33,887.07","56.30K","-0.58%"
"Nov 13, 2015","34,144.78","34,275.77","34,275.77","34,133.08","65.44K","-0.35%"
"Nov 12, 2015","34,264.56","33,975.71","34,306.53","33,975.71","95.69K","0.97%"
"Nov 11, 2015","33,934.04","33,917.85","33,969.68","33,687.98","82.71K","-0.07%"
"Nov 10, 2015","33,958.12","34,350.32","34,359.05","33,945.46","118.24K","-1.10%"
"Nov 09, 2015","34,336.47","34,437.37","34,459.34","34,310.74","129.51K","-0.26%"
"Nov 06, 2015","34,426.75","34,477.15","34,517.71","34,404.87","182.29K","-0.08%"
"Nov 05, 2015","34,454.59","34,544.05","34,562.01","34,434.15","126.19K","-0.20%"
"Nov 04, 2015","34,522.95","34,280.31","34,565.17","34,280.31","120.98K","0.72%"
"Nov 03, 2015","34,275.75","34,245.11","34,332.55","34,233.84","81.99K","0.15%"
"Nov 02, 2015","34,226.12","34,303.52","34,396.26","34,198.00","69.81K","-0.10%"
"Oct 30, 2015","34,261.60","34,430.08","34,464.25","34,239.00","119.55K","-0.21%"
"Oct 29, 2015","34,332.43","34,178.08","34,359.20","34,178.08","117.50K","0.80%"
"Oct 28, 2015","34,061.42","33,852.97","34,111.50","33,852.97","88.64K","0.64%"
"Oct 27, 2015","33,843.83","33,863.08","33,925.08","33,740.31","70.80K","-0.05%"
"Oct 26, 2015","33,860.64","33,946.33","34,090.16","33,849.71","82.67K","-0.25%"
"Oct 22, 2015","33,945.32","33,971.62","34,041.24","33,923.20","98.21K","0.00%"
"Oct 21, 2015","33,943.74","33,950.89","34,036.16","33,859.41","75.79K","0.10%"
"Oct 20, 2015","33,910.17","33,974.07","34,040.20","33,898.47","90.49K","-0.17%"
"Oct 19, 2015","33,966.75","33,972.00","34,077.14","33,953.22","81.32K","0.03%"
"Oct 16, 2015","33,954.98","33,946.80","34,015.18","33,800.55","82.38K","0.10%"
"Oct 15, 2015","33,921.96","34,013.68","34,159.82","33,920.47","76.99K","-0.16%"
"Oct 14, 2015","33,974.85","34,031.48","34,127.44","33,896.40","77.07K","-0.17%"
"Oct 13, 2015","34,031.78","34,095.52","34,279.42","34,010.35","123.31K","-0.44%"
"Oct 12, 2015","34,183.85","33,851.35","34,252.47","33,851.35","117.81K","1.01%"
"Oct 09, 2015","33,843.18","33,588.34","33,959.98","33,584.79","158.18K","1.12%"
"Oct 08, 2015","33,469.15","33,370.44","33,493.08","33,257.41","100.17K","0.28%"
"Oct 07, 2015","33,376.20","33,328.59","33,407.48","33,204.30","72.38K","0.52%"
"Oct 06, 2015","33,202.87","32,887.50","33,237.34","32,887.50","90.04K","1.27%"
"Oct 05, 2015","32,784.94","32,988.93","33,056.68","32,739.40","84.63K","-0.56%"
"Oct 02, 2015","32,969.73","32,775.10","33,023.65","32,710.71","140.79K","0.67%"
"Oct 01, 2015","32,750.31","32,287.41","32,771.02","32,287.41","103.58K","1.43%"
"Sep 30, 2015","32,287.41","32,285.82","32,560.52","32,050.87","130.42K","0.23%"
"Sep 29, 2015","32,214.58","32,644.63","32,644.63","32,025.25","114.34K","-1.45%"
"Sep 28, 2015","32,690.02","32,872.89","32,975.80","32,647.42","57.01K","-0.40%"
"Sep 23, 2015","32,822.84","32,866.54","32,874.26","32,725.71","81.06K","-0.18%"
"Sep 22, 2015","32,882.02","32,853.17","33,160.57","32,842.38","74.67K","0.17%"
"Sep 21, 2015","32,826.24","32,735.50","32,842.89","32,474.71","67.84K","0.20%"
"Sep 18, 2015","32,760.95","33,199.82","33,243.25","32,728.20","63.26K","-1.18%"
"Sep 17, 2015","33,152.06","33,483.42","33,737.08","33,093.61","102.23K","-0.58%"
"Sep 16, 2015","33,345.56","33,193.56","33,398.04","33,193.56","50.32K","0.46%"
"Sep 15, 2015","33,191.46","33,379.99","33,417.63","33,107.50","73.35K","-0.58%"
"Sep 14, 2015","33,384.73","33,674.48","33,850.40","33,333.38","59.67K","-0.86%"
"Sep 11, 2015","33,672.72","33,797.02","34,017.80","33,636.76","70.09K","-0.35%"
"Sep 10, 2015","33,792.37","33,833.02","33,853.35","33,508.38","75.54K","-0.11%"
"Sep 09, 2015","33,830.36","33,644.81","33,865.55","33,546.79","99.27K","1.06%"
"Sep 08, 2015","33,474.17","32,923.11","33,503.75","32,646.78","166.16K","1.61%"
"Sep 07, 2015","32,944.48","33,876.81","33,876.81","32,760.76","122.43K","-2.79%"
"Sep 04, 2015","33,891.08","34,437.55","34,629.64","33,590.19","113.72K","-1.47%"
"Sep 03, 2015","34,397.33","34,389.15","34,610.75","34,323.25","129.17K","0.26%"
"Sep 02, 2015","34,309.76","34,309.07","34,402.92","34,122.48","125.69K","-0.43%"
"Sep 01, 2015","34,456.34","34,713.76","34,912.45","34,335.03","177.48K","-0.78%"
"Aug 31, 2015","34,726.51","34,558.30","34,810.75","34,316.17","178.40K","0.81%"
"Aug 28, 2015","34,447.47","34,021.04","34,496.13","34,021.04","175.61K","1.43%"
"Aug 27, 2015","33,961.29","33,547.12","34,003.98","33,547.12","137.18K","1.26%"
"Aug 26, 2015","33,537.42","33,867.39","34,020.98","33,433.50","157.56K","-0.77%"
"Aug 25, 2015","33,798.80","33,072.01","33,834.88","32,882.75","272.24K","2.11%"
"Aug 24, 2015","33,100.34","34,211.36","34,211.36","33,027.82","194.66K","-4.11%"
"Aug 21, 2015","34,519.77","35,206.11","35,278.88","34,275.61","189.42K","-1.99%"
"Aug 20, 2015","35,219.59","35,446.17","35,466.51","35,137.45","175.22K","-0.68%"
"Aug 19, 2015","35,461.58","35,598.32","35,768.59","35,438.05","120.92K","-0.24%"
"Aug 18, 2015","35,546.03","35,593.79","35,762.93","35,408.02","160.42K","-0.12%"
"Aug 17, 2015","35,588.05","35,941.23","36,007.16","35,580.94","157.26K","-0.97%"
"Aug 13, 2015","35,937.33","35,911.30","36,052.49","35,887.73","159.01K","0.12%"
"Aug 12, 2015","35,892.77","36,230.51","36,309.97","35,868.41","131.50K","-0.86%"
"Aug 11, 2015","36,205.94","36,107.84","36,271.99","36,107.84","139.15K","0.34%"
"Aug 10, 2015","36,084.67","36,230.37","36,332.67","36,037.47","119.87K","-0.38%"
"Aug 07, 2015","36,222.63","36,245.79","36,327.24","36,140.95","144.48K","-0.02%"
"Aug 06, 2015","36,228.88","36,180.21","36,471.59","36,180.21","177.31K","0.20%"
"Aug 05, 2015","36,156.83","36,011.77","36,265.99","35,965.73","168.73K","0.65%"
"Aug 04, 2015","35,921.71","35,827.37","35,959.12","35,653.16","163.03K","0.27%"
"Aug 03, 2015","35,824.56","35,782.17","35,839.97","35,703.25","101.01K","0.23%"
"Jul 31, 2015","35,741.52","35,739.83","35,824.62","35,626.90","143.68K","0.03%"
"Jul 30, 2015","35,730.01","35,678.91","35,996.36","35,508.82","179.13K","0.15%"
"Jul 29, 2015","35,676.49","35,287.89","35,785.65","35,287.89","173.55K","1.14%"
"Jul 28, 2015","35,274.66","35,161.33","35,443.17","35,051.97","149.11K","0.28%"
"Jul 27, 2015","35,175.49","35,814.16","35,889.53","35,140.43","164.80K","-1.79%"
"Jul 24, 2015","35,815.20","35,936.31","35,982.13","35,759.99","184.06K","-0.33%"
"Jul 23, 2015","35,934.99","36,056.68","36,114.96","35,876.78","234.75K","-0.34%"
"Jul 22, 2015","36,056.68","35,905.66","36,110.76","35,905.66","245.42K","0.47%"
"Jul 16, 2015","35,887.66","35,698.52","36,030.92","35,698.52","178.36K","0.53%"
"Jul 15, 2015","35,699.75","35,436.55","35,722.76","35,430.82","177.44K","0.71%"
"Jul 14, 2015","35,446.89","35,523.94","35,725.16","35,371.58","167.94K","-0.14%"
"Jul 13, 2015","35,496.62","35,115.45","35,559.95","35,010.93","155.68K","1.09%"
"Jul 10, 2015","35,112.29","35,147.09","35,371.22","35,091.73","145.12K","-0.10%"
"Jul 09, 2015","35,147.13","35,333.39","35,365.97","35,126.70","180.49K","-0.51%"
"Jul 08, 2015","35,328.83","35,550.79","35,581.03","35,250.33","217.42K","-0.59%"
"Jul 07, 2015","35,537.69","35,529.92","35,637.48","35,431.43","246.54K","0.10%"
"Jul 06, 2015","35,502.28","35,476.38","35,544.21","35,291.08","230.86K","0.13%"
"Jul 03, 2015","35,456.35","35,209.09","35,543.48","35,209.09","227.67K","0.77%"
"Jul 02, 2015","35,186.56","34,849.64","35,236.18","34,849.64","172.03K","0.98%"
"Jul 01, 2015","34,843.60","34,432.55","34,878.04","34,432.55","167.21K","1.29%"
"Jun 30, 2015","34,398.86","34,104.60","34,444.19","34,104.60","173.89K","0.90%"
"Jun 29, 2015","34,093.55","33,899.90","34,141.54","33,808.20","128.16K","0.62%"
"Jun 26, 2015","33,885.13","34,076.04","34,114.32","33,857.75","205.92K","-0.57%"
"Jun 25, 2015","34,077.92","34,333.25","34,370.12","34,034.76","178.14K","-0.74%"
"Jun 24, 2015","34,331.94","34,193.18","34,400.67","34,193.18","179.60K","0.58%"
"Jun 23, 2015","34,133.83","34,277.76","34,345.75","34,129.88","163.56K","-0.42%"
"Jun 22, 2015","34,278.42","34,530.59","34,534.26","34,069.64","104.76K","-0.72%"
"Jun 19, 2015","34,526.70","34,670.76","34,710.47","34,486.65","83.03K","-0.43%"
"Jun 18, 2015","34,674.61","34,482.00","34,763.69","34,482.00","197.29K","0.56%"
"Jun 17, 2015","34,482.00","34,516.07","34,630.74","34,429.08","328.19K","-0.10%"
"Jun 16, 2015","34,516.30","34,709.71","34,739.17","34,448.29","337.86K","-0.56%"
"Jun 15, 2015","34,710.29","34,715.03","34,869.06","34,634.38","364.95K","0.17%"
"Jun 12, 2015","34,651.29","34,600.02","34,727.37","34,576.41","185.14K","0.16%"
"Jun 11, 2015","34,594.70","34,328.60","34,744.17","34,328.60","208.36K","0.79%"
"Jun 10, 2015","34,323.84","34,346.70","34,531.60","34,196.24","200.78K","0.16%"
"Jun 09, 2015","34,270.28","34,240.98","34,497.56","34,224.45","247.18K","0.35%"
"Jun 08, 2015","34,151.11","33,928.37","34,235.94","33,137.30","282.03K","0.41%"
"Jun 05, 2015","34,012.49","34,091.50","34,148.43","33,970.98","168.89K","-0.21%"
"Jun 04, 2015","34,085.74","33,931.66","34,156.13","33,926.54","204.58K","0.52%"
"Jun 03, 2015","33,908.62","33,946.27","34,119.13","33,859.16","153.18K","0.04%"
"Jun 02, 2015","33,895.34","33,620.72","34,016.12","33,620.72","213.81K","0.99%"
"Jun 01, 2015","33,563.38","33,109.46","33,583.33","33,108.35","174.16K","1.53%"
"May 29, 2015","33,056.79","32,763.48","33,130.92","32,763.48","189.13K","0.90%"
"May 28, 2015","32,763.48","32,850.07","32,850.07","32,671.91","83.57K","-0.24%"
"May 27, 2015","32,842.59","32,680.18","32,922.56","32,649.06","139.20K","1.02%"
"May 26, 2015","32,510.35","32,739.80","32,771.28","32,419.14","69.25K","-0.60%"
"May 25, 2015","32,707.22","32,657.32","32,871.86","32,477.98","142.49K","0.31%"
"May 22, 2015","32,605.62","32,637.72","32,750.02","32,529.05","42.94K","-0.04%"
"May 21, 2015","32,617.74","32,611.65","32,688.82","32,556.73","43.63K","0.06%"
"May 20, 2015","32,599.00","32,729.55","32,729.55","32,569.38","84.55K","-0.40%"
"May 19, 2015","32,729.55","32,892.17","33,049.83","32,673.64","58.49K","-0.48%"
"May 18, 2015","32,886.06","33,054.61","33,098.66","32,843.66","59.86K","-0.46%"
"May 15, 2015","33,039.19","33,104.49","33,133.90","32,953.76","117.80K","-0.19%"
"May 14, 2015","33,103.73","32,948.58","33,226.02","32,948.58","109.67K","0.57%"
"May 13, 2015","32,915.44","33,091.18","33,230.46","32,891.13","98.78K","-0.33%"
"May 12, 2015","33,023.80","32,489.87","33,087.48","32,354.01","126.88K","1.59%"
"May 11, 2015","32,506.36","33,528.38","33,541.59","32,416.79","163.82K","-3.05%"
"May 08, 2015","33,530.30","33,700.16","33,700.16","33,503.32","99.03K","-0.63%"
"May 07, 2015","33,742.88","33,839.55","33,885.57","33,619.82","93.30K","-0.28%"
"May 06, 2015","33,839.28","33,638.17","33,925.90","33,638.17","155.43K","0.91%"
"May 05, 2015","33,533.64","33,731.91","33,768.44","33,384.83","131.97K","-0.56%"
"May 04, 2015","33,723.53","33,823.49","34,020.30","33,627.57","155.54K","-0.02%"
"Apr 30, 2015","33,729.96","33,475.95","33,760.41","33,475.95","143.91K","0.81%"
"Apr 29, 2015","33,460.01","33,572.99","33,681.05","33,435.21","158.80K","-0.35%"
"Apr 28, 2015","33,575.94","33,848.17","33,968.22","33,544.92","205.28K","-0.79%"
"Apr 27, 2015","33,844.29","33,814.60","33,970.73","33,804.46","174.92K","0.20%"
"Apr 24, 2015","33,775.12","33,459.01","33,803.88","33,459.01","165.28K","0.95%"
"Apr 23, 2015","33,456.74","33,529.26","33,711.84","33,399.02","226.47K","-0.10%"
"Apr 22, 2015","33,490.64","33,070.13","33,615.19","33,061.24","229.56K","1.38%"
"Apr 21, 2015","33,035.77","33,299.70","33,365.32","32,826.45","196.17K","-0.81%"
"Apr 20, 2015","33,304.64","33,264.54","33,649.52","33,229.93","284.27K","0.21%"
"Apr 17, 2015","33,234.73","32,762.35","33,326.61","32,707.34","302.68K","1.52%"
"Apr 16, 2015","32,736.43","32,264.60","32,760.56","32,264.60","272.21K","1.51%"
"Apr 15, 2015","32,248.86","32,257.04","32,430.50","32,117.63","163.78K","0.43%"
"Apr 14, 2015","32,109.87","32,253.09","32,286.65","32,050.44","180.21K","-0.43%"
"Apr 13, 2015","32,248.45","32,354.27","32,396.32","32,180.47","215.93K","-0.32%"
"Apr 10, 2015","32,350.93","32,032.02","32,544.43","32,032.02","211.99K","1.05%"
"Apr 09, 2015","32,013.91","31,902.46","32,043.60","31,710.15","159.48K","0.40%"
"Apr 08, 2015","31,887.30","31,676.27","32,073.93","31,676.27","199.75K","0.91%"
"Apr 07, 2015","31,600.73","31,758.79","31,848.34","31,516.99","199.60K","-0.48%"
"Apr 06, 2015","31,752.17","31,442.78","31,787.94","31,341.88","183.05K","1.08%"
"Apr 03, 2015","31,413.96","31,153.56","31,460.55","31,115.49","195.71K","0.90%"
"Apr 02, 2015","31,132.25","30,680.29","31,169.72","30,680.29","147.10K","1.72%"
"Apr 01, 2015","30,605.05","30,269.74","30,951.34","30,025.84","202.66K","1.23%"
"Mar 31, 2015","30,233.87","28,921.76","30,246.77","28,921.76","190.79K","4.52%"
"Mar 30, 2015","28,927.04","29,879.63","29,879.63","28,648.23","207.04K","-3.44%"
"Mar 27, 2015","29,957.83","30,734.05","30,828.20","29,847.26","150.93K","-2.35%"
"Mar 26, 2015","30,678.97","31,187.39","31,358.58","30,172.93","193.25K","-1.31%"
"Mar 25, 2015","31,086.51","31,330.82","31,405.77","31,044.08","67.38K","-0.72%"
"Mar 24, 2015","31,310.73","31,944.02","32,070.98","31,259.41","90.44K","-1.54%"
"Mar 20, 2015","31,800.26","31,478.67","31,925.05","31,478.67","101.28K","1.11%"
"Mar 19, 2015","31,451.62","31,514.89","31,607.79","31,395.07","66.60K","-0.23%"
"Mar 18, 2015","31,524.98","32,349.63","32,416.99","31,338.29","140.75K","-2.53%"
"Mar 17, 2015","32,342.26","32,471.39","32,519.82","32,104.50","88.18K","-0.35%"
"Mar 16, 2015","32,454.91","32,931.51","32,961.84","32,396.41","79.45K","-1.44%"
"Mar 13, 2015","32,929.09","32,622.08","32,960.35","32,622.08","110.29K","1.06%"
"Mar 12, 2015","32,582.68","32,545.02","32,715.79","32,443.72","102.31K","0.13%"
"Mar 11, 2015","32,539.61","32,437.92","32,604.10","32,198.87","111.61K","-0.08%"
"Mar 10, 2015","32,566.59","32,899.31","32,899.31","32,531.13","88.05K","-0.89%"
"Mar 09, 2015","32,860.57","33,273.62","33,305.26","32,832.55","71.20K","-1.21%"
"Mar 06, 2015","33,263.66","33,382.69","33,474.06","33,239.43","87.83K","-0.32%"
"Mar 05, 2015","33,368.83","33,256.55","33,406.29","33,246.12","124.47K","0.38%"
"Mar 04, 2015","33,242.94","33,271.44","33,464.70","33,161.69","128.71K","0.16%"
"Mar 03, 2015","33,188.77","33,213.58","33,292.90","32,811.75","143.95K","-0.07%"
"Mar 02, 2015","33,213.58","33,680.27","33,717.15","33,125.03","104.30K","-1.24%"
"Feb 27, 2015","33,632.19","33,802.83","33,893.82","33,580.07","137.80K","-0.39%"
"Feb 26, 2015","33,762.80","33,845.05","33,996.73","33,701.79","105.34K","-0.24%"
"Feb 25, 2015","33,845.30","33,900.65","34,017.97","33,825.20","84.11K","-0.15%"
"Feb 24, 2015","33,895.46","33,927.61","34,024.05","33,870.01","96.96K","-0.09%"
"Feb 23, 2015","33,926.70","34,020.10","34,063.24","33,899.26","93.59K","-0.20%"
"Feb 20, 2015","33,993.00","34,028.78","34,143.75","33,912.96","161.98K","0.15%"
"Feb 19, 2015","33,942.27","33,749.34","33,988.16","33,641.99","137.17K","0.66%"
"Feb 18, 2015","33,718.86","33,815.90","33,912.83","33,589.41","114.62K","-0.24%"
"Feb 17, 2015","33,801.10","33,827.23","34,036.31","33,721.84","146.90K","0.01%"
"Feb 16, 2015","33,796.44","33,943.20","34,031.80","33,633.32","102.81K","-0.43%"
"Feb 13, 2015","33,943.20","33,825.45","34,123.78","33,784.58","159.54K","0.46%"
"Feb 12, 2015","33,786.42","34,191.23","34,237.14","33,493.52","212.57K","-1.22%"
"Feb 11, 2015","34,203.99","34,435.51","34,564.56","34,160.47","160.03K","-0.66%"
"Feb 10, 2015","34,432.89","34,621.30","34,731.94","34,181.02","151.28K","-0.40%"
"Feb 09, 2015","34,570.30","34,697.71","34,787.29","34,556.08","182.41K","-0.25%"
"Feb 06, 2015","34,656.94","34,718.11","34,844.20","34,619.57","165.61K","-0.04%"
"Feb 04, 2015","34,672.25","34,940.58","35,055.94","34,595.30","230.12K","-0.44%"
"Feb 03, 2015","34,826.51","34,709.75","34,844.80","34,633.88","201.11K","0.43%"
"Feb 02, 2015","34,676.31","34,476.00","34,733.27","34,476.00","234.97K","0.67%"
"Jan 30, 2015","34,443.87","34,446.56","34,620.53","34,348.47","274.97K","0.10%"
"Jan 29, 2015","34,408.73","34,398.41","34,502.19","34,368.25","147.27K","0.06%"
"Jan 28, 2015","34,386.86","34,535.31","34,621.54","34,353.78","162.99K","-0.44%"
"Jan 27, 2015","34,538.45","34,530.36","34,626.87","34,383.74","255.71K","0.21%"
"Jan 26, 2015","34,466.53","34,058.45","34,589.28","34,058.45","249.09K","1.29%"
"Jan 23, 2015","34,026.59","34,149.10","34,194.93","33,978.30","138.10K","-0.35%"
"Jan 22, 2015","34,146.97","34,342.29","34,414.81","34,101.44","212.30K","-0.53%"
"Jan 21, 2015","34,329.50","34,133.62","34,395.19","34,133.62","241.03K","0.61%"
"Jan 20, 2015","34,121.30","34,046.63","34,185.48","33,893.17","194.95K","0.31%"
"Jan 19, 2015","34,014.26","33,790.56","34,120.92","33,790.56","174.97K","0.67%"
"Jan 16, 2015","33,786.44","33,771.50","33,954.88","33,724.65","215.17K","0.06%"
"Jan 15, 2015","33,765.61","33,688.29","33,941.51","33,688.29","220.16K","0.54%"
"Jan 14, 2015","33,585.75","33,403.95","33,628.22","33,403.95","217.29K","0.64%"
"Jan 13, 2015","33,371.29","33,423.82","33,423.82","33,167.95","138.60K","-0.14%"
"Jan 12, 2015","33,418.20","33,341.54","33,513.92","33,339.28","150.02K","0.28%"
"Jan 09, 2015","33,324.82","33,163.45","33,473.55","33,163.45","230.18K","0.63%"
"Jan 08, 2015","33,117.47","32,887.82","33,142.93","32,887.82","188.42K","0.86%"
"Jan 07, 2015","32,835.94","32,685.41","32,906.17","32,639.84","175.31K","0.51%"
"Jan 06, 2015","32,668.73","32,713.51","32,834.43","32,558.70","173.64K","-0.27%"
"Jan 05, 2015","32,757.79","32,751.46","32,866.40","32,664.15","248.96K","0.08%"
"Jan 02, 2015","32,731.61","32,531.80","32,776.39","32,465.49","235.20K","0.70%"
"Jan 01, 2015","32,503.80","32,148.65","32,503.81","32,134.82","157.34K","1.16%"